Fecha,Índice general,"1. Alimentos, bebidas y tabaco","1. Alimentos, bebidas y tabaco, 1.1. Alimentos",1.1.6. Frutas y hortalizas,046 Aguacate,047 Durazno,048 Guayaba,049 Limón,050 Manzana,051 Melón,052 Naranja,055 Papaya,056 Pera,057 Piña,058 Plátanos,059 Sandía,060 Uva,061 Calabacita,062 Cebolla,063 Chayote,064 Chile poblano,066 Chile serrano,068 Ejotes,071 Jitomate,072 Lechuga y col,073 Nopales,077 Papa y otros tubérculos,079 Pepino,080 Tomate verde,082 Zanahoria,065 Chile seco,069 Frijol
Ene 2000,45.88037919,36.51005457,36.32910317,42.57397325,19.5089247,52.52835602,42.13977025,79.33596473,0,54.54251262,16.777516,40.3440498,29.7402781,30.35400734,38.75640751,63.58174727,49.0883942,65.45221333,47.13477194,64.08784225,56.78215679,53.19910326,46.34499371,31.21712813,60.97333607,61.77863169,46.35727651,59.93846871,55.46138172,54.3512374,42.0190918,41.11578482
Feb-00,46.28394771,36.65990258,36.42249698,41.74205254,18.28892202,56.04426702,37.3398997,79.74438554,0,56.1564649,16.17536929,42.61655858,29.7402781,25.29331787,38.20219826,62.67674653,54.94658855,68.81440458,44.11449471,66.3646819,60.0341882,58.32225363,42.69503858,27.02999003,65.0176336,63.43763607,46.97496194,59.43367318,48.04033858,56.6754424,39.96904527,40.32370103
Mar-00,46.55631922,36.73679984,36.49750238,41.12101042,18.16295175,54.48293811,39.56857037,68.57786361,43.0160699,62.59800637,16.33797213,34.29194891,30.30712407,24.83417605,37.75503376,59.24939928,52.10308895,65.27814157,41.18287138,66.69973665,59.92822711,55.74086141,40.8350277,27.09417757,65.92891611,70.14041433,48.25778801,60.49353506,44.76283861,56.77609695,39.54859526,40.30728264
Abr 2000,46.65296719,36.90243391,36.63166524,41.82477461,18.05056445,46.58174678,44.28689814,49.51381991,40.46843906,58.2589402,17.30545903,37.73698882,29.23644841,25.6856051,36.01537667,56.99297982,51.56335732,62.69312667,38.88279517,60.91418832,56.34473524,54.00356784,39.0247791,35.73294163,60.23876277,52.36466464,47.87661067,60.39264554,56.63238767,44.27275023,39.96789089,40.30728264
May-00,46.91923305,36.97048141,36.68247535,41.15532127,17.1476901,40.64759004,49.81991012,37.19659093,38.93117813,54.57390137,18.64525482,40.25120357,26.41504223,24.71280644,35.00554908,55.43787228,47.93526515,55.75902213,38.72183013,55.31702846,60.26352459,52.40517207,43.2775402,38.54558703,58.10528074,42.54170022,39.22886101,61.55322301,67.77563272,41.65295914,38.41961386,40.02968769
Jun-00,47.17969111,37.17522186,36.92684775,41.34630269,17.06173453,40.33381766,55.99113685,35.66761194,39.53908678,52.641496,19.1239008,45.16635512,26.9408124,22.52483821,35.62325242,53.9229367,45.13036227,60.36848183,40.60818814,54.12305001,64.03591645,54.81927993,36.7410399,40.10226685,54.86529665,45.60865346,38.18592173,61.50277824,67.607436,47.36586725,36.39637455,39.66268842
Jul-00,47.41796034,37.19806382,36.94402641,41.62313958,16.64375657,41.40058226,59.93518002,35.00552468,40.7889149,49.57110589,18.48987877,43.76282034,26.77180053,21.76715292,35.04127452,52.70448151,41.79423566,69.40718287,40.95832628,58.60073532,64.03326005,57.17893557,34.57779532,42.20111159,53.25781021,49.54191515,39.22256437,57.75160121,61.44170953,55.6863659,36.64790062,39.2231171
Ago 2000,47.80246732,37.21313233,36.92975119,41.76821653,18.31556353,42.073325,60.69236295,38.83918516,42.628955,50.93451889,18.77494995,47.25331042,22.94533977,24.10466914,34.55565569,51.96101733,36.16782916,67.94183297,42.99154529,67.63082272,57.75263049,54.74340389,35.50247503,43.82233067,54.2074721,55.74012277,39.57855513,50.98956756,49.83677299,55.62702685,37.96902177,39.26906099
Sep-00,48.25771048,37.60216311,37.29558393,40.32418391,19.50609273,48.14138461,55.0902007,38.28685171,41.46318611,55.49273559,20.21914708,50.44218925,22.17181243,30.96085543,34.87629303,56.50865308,37.60524591,57.32861839,43.51406602,58.33954588,55.46900669,52.65743759,38.99232544,39.17427324,52.00942645,54.92915547,32.39377699,52.70538533,46.21183636,49.88028995,37.28255183,38.33100531
Oct-00,48.71682551,37.74495523,37.38184013,40.20762101,22.16536606,51.5938032,46.91039446,40.79648619,39.80965245,58.8499047,20.11268094,49.41990778,27.70702625,35.0122801,34.70672689,57.89656605,39.33338316,51.94001543,56.35656867,49.12234721,63.77913053,58.12801096,40.50499892,37.48341508,50.36635705,53.09587042,31.12615501,53.54085499,45.61911281,51.34934723,36.51309496,37.08955436
Nov-00,48.99842996,37.72641857,37.3599434,40.12552563,22.62571871,52.55771933,44.05020102,41.68550689,38.44521067,62.92730286,19.75972953,41.47557848,25.44354958,29.79633328,31.22553606,62.35791696,40.09826235,47.58158295,59.79213121,47.18077517,77.12196336,61.37818354,38.84969576,38.71405735,53.81092052,42.86373294,29.60006347,52.8342804,53.99135938,49.01876466,36.02158659,36.91198742
Dic 2000,49.50534776,38.49598914,38.22008587,44.24972164,24.04742066,60.70550102,48.22672785,56.30103116,41.07745376,68.48453774,18.19087022,37.14085487,25.05713656,26.39153795,29.92339974,64.40272636,48.31168698,53.93421895,59.79078797,49.64281027,101.8008618,87.7271657,42.34919904,52.92693802,52.33072737,39.31926472,31.13629107,52.43054834,56.59840854,54.88695251,40.16746997,36.6447402
Ene 2001,49.80571591,38.80429574,38.53389875,44.55977269,27.14900593,58.90403862,59.30811855,61.58956081,41.70430339,67.08231684,19.80618749,38.4019235,23.12136458,23.29154795,31.05646879,58.91897076,52.28901726,59.99870226,62.59256468,57.7028567,111.364219,78.88269717,55.53636995,48.23456481,55.05710816,45.99727124,33.86120223,50.73734374,55.59177666,50.41655963,41.09302436,36.895707
Feb-01,49.9784611,38.73947721,38.45913531,40.9635565,28.84325888,50.86679213,54.13201112,49.09693365,38.44673148,59.02653773,20.09242011,34.89544941,21.25812645,22.37584273,32.95867606,56.50242926,49.87340178,69.07870846,56.2963467,49.79203097,86.00911764,69.84952047,54.20943127,36.04315212,54.64149393,51.87625712,33.94828021,45.72469971,53.49377742,48.4425659,39.18701851,35.34603184
Mar-01,50.09863815,38.71089487,38.42175359,40.30836018,28.60028625,48.40796046,58.38338876,43.70191755,35.15666956,63.74911731,15.8496474,31.96509452,22.01482274,21.56180068,34.70550073,57.31463841,47.53726236,75.23588252,55.84971909,44.19508398,76.23915105,66.83733086,46.75773772,34.20316783,52.95881628,51.57161732,33.41352619,44.00888195,55.9358154,51.12141875,39.18701851,36.33085924
Abr 2001,50.0648337,38.87545261,38.57527269,41.65212364,29.95113648,49.44536174,51.46340602,42.78497571,34.07426863,72.03003934,15.28595756,35.65281334,23.70914919,18.50343365,37.0214856,60.41919547,48.7841856,71.07733754,56.57081559,47.70251545,72.26280624,68.45857872,47.08926435,36.82993313,52.27498856,53.17387508,34.61572449,52.20372085,54.34049499,50.10405915,39.18701851,36.38866852
May-01,50.24040834,38.81780956,38.42635069,40.37228177,33.79905104,50.95518955,57.04375743,32.40440394,35.83923608,66.12695753,17.31668637,43.33722879,23.61778059,22.29130759,37.26573381,61.90216322,43.18745293,63.83885327,42.27962761,44.64274608,77.79403411,67.72981165,47.33857504,34.03241137,49.46505645,32.49807398,30.21851679,59.70294385,61.78659776,49.56085733,39.13738027,36.88356567
Jun-01,50.5815801,39.34293535,38.97606762,42.70385315,36.82632329,51.23221935,64.98736226,30.94953476,37.37414668,63.12048633,22.90119061,44.70198498,27.3637929,25.0774678,36.66708089,55.09867382,52.26909637,68.18720532,40.96347537,59.93414253,76.2698473,65.16948619,45.66762755,42.51589434,49.92916707,45.89326504,30.28747273,44.83321897,57.20090108,52.40913147,39.63478879,38.36811915
Jul-01,50.4975902,39.02649654,38.66080303,40.96339983,34.40089735,48.70497576,58.00169917,31.55681938,36.71646611,57.11524843,24.53947876,33.56571905,27.84928876,22.01523315,35.68789873,55.02511953,53.33195888,58.61645442,39.21547117,46.88169517,57.41762816,57.2810558,47.21441898,38.33684562,51.10881692,36.01952732,29.21489314,44.05393434,46.96511131,55.07051534,39.70661674,38.36811915
Ago 2001,50.71307494,39.36075446,38.97509981,43.3455758,36.76569813,50.59068474,55.06268931,32.61128764,36.80688509,63.23633933,34.24983652,40.34849753,27.26941876,25.62298648,35.36101691,52.85498492,46.93154279,61.4780664,42.15112422,48.52333572,56.98847099,62.81304412,44.20787849,42.55352758,52.93046571,42.52026651,30.80548689,47.22464868,53.72080052,61.3693272,39.66685484,38.69565911
Sep-01,51.06705367,39.52184406,39.15910497,44.27980239,34.3642915,47.21421105,54.17984624,31.59380002,40.60074941,64.50358864,40.11644378,41.55341365,29.11101696,30.18990972,34.67950459,49.99626895,41.87391922,60.02673076,42.50282947,51.21015978,55.41351732,55.5800042,52.67179343,44.69492954,49.9614398,45.47073983,30.44120299,44.02018853,61.87197033,60.99499211,40.80519952,39.02319907
Oct-01,51.49549154,39.65291622,39.2878239,44.21274739,30.93577089,48.70574443,50.542394,27.31830249,41.17257342,67.93437863,36.37322314,41.17327227,31.52927925,30.75034637,34.63576379,52.32992041,41.86499632,55.29925631,45.18125188,47.10541978,70.64446459,49.75272417,43.58676534,46.55531316,49.94665727,48.42841628,30.08429077,43.31378789,47.94052487,56.32855855,38.15885277,40.66131278
Nov-01,51.83845032,40.18928359,39.86149417,45.89335256,22.99890957,60.59911665,51.97100361,34.62561907,37.93560155,75.8523326,23.70297748,45.50563304,29.12734709,38.03657523,33.29843136,53.66747698,42.07395816,51.71652499,51.33777281,45.46356636,67.22921178,49.56990754,43.25191012,55.29255675,45.64309737,53.7866684,29.75901535,49.34402457,43.25480211,57.97646482,37.81189814,45.4156091
Dic 2001,51.99302748,40.39498078,40.08989769,46.97813957,20.49151379,56.62338537,62.00572214,42.4674471,38.20243432,67.32657836,16.65582197,36.75918459,31.15589025,33.62454099,34.62251054,54.92214351,48.74226872,54.77335305,59.41020305,56.88182355,75.08390954,54.42311772,51.98876867,56.24552194,50.7047811,53.66193122,35.25690716,49.571026,52.10509264,54.91218547,38.56557851,46.30551337
Ene 2002,52.17947316,40.58979515,40.29834009,48.20753351,19.85599849,55.09787663,59.84719314,55.93107616,39.9447279,69.46129847,16.63556114,31.96509452,28.14122746,31.41152532,34.71360447,57.61762553,55.27071804,59.10965776,59.83802528,52.70257964,71.02787254,57.20160912,48.41403946,55.61103248,50.64768285,56.85221615,40.14509952,48.70476764,60.88933621,60.01062945,38.73578509,48.00543747
Feb-02,52.29786319,40.29428483,39.92960391,45.18802167,20.77035806,48.19396185,58.66222045,54.78720087,38.87145183,73.39744727,17.73325936,37.74352141,27.52448943,30.58753796,36.32044179,62.72964904,54.40893202,69.40177385,55.9889684,51.50860118,69.89919509,52.77758954,46.23947771,37.28487333,49.76414473,47.45247968,42.72104129,46.96390144,47.33866943,62.39694635,38.55762613,48.384992
Mar-02,52.47671402,40.17134489,39.77826238,42.95969619,20.30507569,48.64163709,63.87748824,46.70863728,40.59452792,70.18152752,19.09383219,35.46406307,29.14137298,32.70736239,40.83561338,63.10138114,47.70326978,81.31167558,47.80415367,51.2846637,73.34425869,49.95446518,51.03429817,30.20190981,47.2861785,46.52151874,36.93073947,47.46852302,42.3524437,60.86328161,37.38195658,48.59305023
Abr 2002,52.4977115,40.35061238,39.97412323,44.83112612,21.38206383,57.4643138,62.55223223,48.65435401,43.37359817,67.76716221,22.20509559,42.46227817,33.29393547,36.81017116,40.40199596,64.12378584,47.80930702,84.89047307,49.9242356,61.39739943,71.57774861,59.38344702,49.86163919,36.16537223,49.25645625,50.75854179,36.71649999,46.50972461,51.90673943,55.25962389,37.65451798,47.95976952
May-02,52.65199084,40.21057086,39.81407141,44.32617688,20.70705826,50.21065273,61.03761854,33.67273619,43.30502352,68.34642726,25.84404394,39.54026276,32.83669174,32.08688554,38.56560484,60.77763121,44.57236983,71.71240445,50.66436136,60.54103014,82.81346106,63.85781259,46.80766643,35.91583217,50.72814269,54.25276377,37.18798042,45.39941796,46.38173204,51.29749488,37.65451798,47.95976952
Jun-02,52.86226343,40.26797473,39.87274498,44.98105985,20.80696391,54.3545697,59.37156825,36.66549536,44.43069836,67.64931174,26.45380459,39.75069568,32.75734533,30.42712379,39.81210053,58.73282181,49.151062,75.00599961,52.02304956,57.48126077,73.06386026,66.07339302,43.35642755,36.48718923,52.5035638,61.28952142,35.54148476,45.60137096,51.51109488,57.11660324,38.36215151,47.95976952
Jul-02,53.03805542,40.45124932,40.0481115,46.78742492,24.77794972,49.18561958,59.20770272,39.21725047,43.51635955,67.66843251,33.95351639,36.62298018,32.58818627,37.79405309,39.45657619,59.10232019,48.25478969,65.30462903,57.6822386,62.07824054,64.04182872,58.95433541,40.83896627,42.37596508,51.73269243,60.12467328,36.5557109,45.1633413,53.88001854,58.73920278,38.71047984,47.86289079
Ago 2002,53.23227198,40.48919002,40.09528054,47.06593507,25.93275837,46.14399829,56.08653938,43.97335135,41.8130433,71.06548302,40.43234998,40.11997044,32.40099494,35.72827408,39.21093495,55.85177842,52.44265349,63.97397978,57.80678778,60.41136135,56.84390448,57.85134572,43.22376006,41.28265014,54.31622017,51.84008576,37.13299602,47.1345867,60.91110899,55.06661854,38.81942835,47.81684941
Sep-02,53.52756582,40.61431362,40.21160418,47.94157825,26.24347974,51.54666124,56.47067342,45.29700814,43.86061819,77.01676292,40.15086639,46.18042887,30.67031985,45.60023344,39.51848904,56.77111758,48.96233934,65.69279714,64.79431618,59.05269757,41.34120732,59.63360757,46.9407899,43.68575183,53.908041,41.23744307,38.5094385,46.32335394,50.75020847,56.10335725,38.88924747,48.83647411
Oct-02,53.83661888,40.68050804,40.22519526,47.62705779,32.87227332,58.14158776,50.46880159,40.15759438,42.84087556,80.47009192,34.99170795,56.03941345,35.53323979,44.52353049,40.76358055,59.82926707,47.98644207,72.67386288,61.12117987,60.83908884,53.71283129,59.89644485,46.44120138,40.55956625,56.95277907,42.23134291,39.62958029,47.55777903,48.64260887,55.55206168,38.77185929,48.94917957
Nov-02,53.95674738,40.80119177,40.35351103,48.36549713,30.50955402,58.61579486,51.91271813,39.219894,42.24359132,74.48423126,24.18050036,55.04806257,31.7201456,48.77461025,35.12991333,63.57114916,46.08822053,75.40892076,59.99704367,44.79644887,50.79985636,82.69046165,58.47466917,45.09225201,64.10555659,54.53414338,38.34703359,51.55003032,58.7393436,57.1494202,38.02072836,50.40859535
Dic 2002,54.20123798,41.45264175,41.06744239,53.35041844,32.78057106,60.61955719,52.22382515,33.0755585,46.60435057,77.66498254,24.33331415,45.9342434,32.91526427,51.73512371,37.29445085,59.26037786,46.37876957,90.22338299,65.5964342,54.22532395,56.19778837,76.42540077,55.51591889,63.4900903,67.86809005,63.18282662,38.18914959,49.17567938,61.88790983,59.2829224,37.60986972,52.08047292
Ene 2003,54.36052731,41.38241108,41.03346469,51.93963466,31.95503749,48.01184458,50.38508768,41.87778173,45.66415596,90.99416796,24.09511308,43.23115998,33.37885002,59.50235877,38.20344404,70.51029515,56.34238144,83.16632273,66.76049,51.44909807,54.40393016,77.04177737,50.85446143,55.66914843,71.72061577,74.00167072,38.71983458,45.42218709,58.74427943,59.63491239,38.50562595,52.32027177
Feb-03,54.56956148,41.67503886,41.34366107,46.75961949,30.62002325,52.26121988,49.55269829,67.34637341,48.20699589,86.78074044,21.97721406,47.05529603,33.02507868,50.38043196,42.69333169,66.74828587,56.81585089,60.31655698,80.51093248,57.3801001,48.28968167,65.11876338,46.97090208,30.45830338,68.66355734,63.25740044,40.07506357,46.94056649,53.59472754,61.87680886,39.02735122,51.71118269
Mar-03,54.84368731,42.23526969,41.9520617,50.29774671,29.86614539,51.01049241,49.55269829,101.5416587,49.73189089,66.55167758,21.04767045,42.25550548,34.38204689,38.08043526,44.68499567,57.58271707,49.70801752,61.39687131,79.03231015,61.10841992,59.32818001,59.5131129,49.63172423,46.56713159,70.09646978,55.82320515,46.02736004,44.5397375,54.78771776,59.06030622,38.23325468,51.79415309
Abr 2003,54.94158939,42.4576668,42.21788721,50.31643561,31.21694096,49.98462606,49.55269829,62.04872507,49.85413417,67.6582617,23.89518907,48.91036138,34.96220486,39.15613101,44.36819486,55.7073362,45.06792042,68.16783454,76.98949068,60.06712078,74.52349493,59.54158142,47.44950332,46.54408659,63.30419696,57.51584288,44.3980945,45.51622984,60.73095118,66.1881034,37.71843461,51.87712349
May-03,55.22259482,42.74948733,42.54767073,52.31569173,32.94392904,51.65109673,51.04411209,48.15844822,51.78126348,69.16354156,30.90577931,50.5076755,39.0293927,39.68323535,46.29593584,58.30907197,48.71522787,67.48239372,74.55386226,47.50119622,67.51504356,53.00242827,46.1336921,53.52369731,64.16126609,52.36711587,45.27723714,47.55367037,52.72059197,67.29593943,35.88280566,51.87712349
Jun-03,55.30620849,42.5186141,42.28024627,49.74072642,36.54441554,50.67719828,50.35243332,47.05005088,52.53674491,64.34189961,35.35357336,48.52703904,37.9883521,39.18198262,45.83842401,59.37936509,49.87790666,65.8634123,73.59792068,47.10949391,68.39902308,53.98492329,43.23607868,41.88597562,64.1762648,36.94161497,42.93818912,48.16586122,49.48910379,73.45051927,35.97602568,51.28529994
Jul-03,55.38029655,42.65584644,42.38817543,49.39840054,33.04991978,49.69230662,48.47451061,47.33932937,53.80906372,60.92315137,39.07763659,44.41004141,38.46308824,37.38277741,44.50247338,57.53239909,49.37113508,64.85462223,67.49501082,51.27068768,53.84846115,46.73273298,39.09793449,46.28983609,65.20421208,38.32530402,39.52281732,49.42037312,47.39680527,59.11625165,36.31706521,50.83687609
Ago 2003,55.46602702,42.65746094,42.39577044,49.54244179,34.96713673,45.16810108,47.90929328,44.52131883,48.9809037,62.99867465,38.17194253,43.96475964,32.82910219,36.59816412,39.61658472,51.63335542,49.69402097,70.86862037,62.76373873,49.78564986,52.01711729,50.16153466,39.24165174,49.61927097,62.96726166,49.63671135,43.39653959,46.1087904,49.04142397,56.81607869,36.69186343,48.19908877
Sep-03,55.50518786,42.56543455,42.31822135,49.03282748,38.93827096,41.9930622,46.93856814,41.56206787,46.89198181,72.3700589,36.33405491,41.94777364,35.17811688,38.86471281,39.83046547,49.6745059,47.81703558,69.99319324,61.83600701,35.16228746,50.91095017,55.40172877,50.15868747,50.87352307,57.43648746,49.80653912,39.33676459,43.45596339,50.71318974,65.85942401,38.68707893,43.66545176
Oct-03,55.5549327,42.40277387,42.16911922,47.94112242,34.31690375,44.83280818,46.51049913,43.67500931,48.79484224,69.74734605,33.76124778,41.49051305,36.78748929,41.66340187,40.62528172,51.85001874,46.76053749,83.10746422,64.82092926,42.67896907,59.90886663,55.92740333,53.59284527,47.27057057,52.66154109,44.19219573,39.01230253,43.24368245,48.65840353,61.97296507,38.77876447,42.65302102
Nov-03,55.74544486,42.67481679,42.45413213,47.59287079,27.01932348,52.69595136,42.82293103,43.06548518,46.57064379,72.80130124,26.18415709,32.84469411,31.62891517,41.96690654,37.77487848,65.67976868,49.19835011,85.57803135,72.05063662,36.18242896,55.6702632,59.75211607,52.96003314,48.40468648,55.7073505,50.29534232,40.83944471,41.67006436,58.72799119,61.80804261,39.75776658,40.70969116
Dic 2003,56.17886001,43.66894398,43.54741448,51.80926821,26.54204522,57.208664,45.9904042,44.76452424,49.36156567,70.19214947,23.408776,29.84957524,32.05195406,39.44251318,37.92724841,62.23387473,56.61989921,91.96902195,73.10557883,40.28701173,60.71037775,62.31626917,56.14508105,68.65821342,50.769561,55.28865498,37.8006993,38.20006985,52.82078933,64.33607663,39.94650837,41.20463598
Ene 2004,56.70806045,43.66732949,43.49504885,49.33504062,27.18566711,50.34190538,46.52949804,53.0070729,50.38984735,73.08133754,23.55098999,32.41180422,34.21039852,38.31544994,41.26410975,59.67061742,62.86863409,86.08540657,76.84790913,51.76817821,56.61217507,57.91357924,63.65533369,53.5984991,47.88230938,66.29550031,38.35537988,44.50002042,51.70183657,64.58783106,38.81290679,41.15235983
Feb-04,56.91180262,43.73150578,43.50264386,45.55806018,23.79033774,43.82143287,48.82777144,49.34955051,48.9337142,73.2779732,20.80564167,32.61296584,29.44681838,35.09306298,51.6083799,59.99502043,53.75639847,85.25021183,69.36963567,58.14234708,51.8249182,54.18287882,47.98239775,32.23767911,43.25145776,82.73683452,40.07332476,46.51828719,94.31532858,63.53594046,38.14655622,40.31498226
Mar-04,57.33357537,44.17508913,43.95794499,45.93685221,23.57963581,36.32406376,49.58357151,40.74710315,44.25341461,60.47902601,21.34917588,35.2065876,30.99976308,31.7770059,54.85076384,66.48485642,44.7348991,81.49518821,54.67549363,71.21491142,61.57663679,48.43488574,39.20834584,34.82967419,47.97444431,72.8423298,44.70968936,43.80839541,91.09371206,60.12793147,41.04098055,42.10196327
Abr 2004,57.36003539,44.40313698,44.22217155,46.88679515,25.59367328,42.41230325,46.18217436,44.65576157,47.23668988,50.61062818,25.60234582,36.16034977,35.50756011,37.84609205,56.53085342,70.48543215,43.2430601,52.89517002,46.13855212,71.15658494,56.80982663,47.13791287,36.65702254,44.1440072,44.32707951,52.42852961,42.12825113,44.20602272,55.22453875,57.78113732,46.09289228,41.49958857
May-04,57.56906956,44.60656374,44.41684376,48.34179413,27.45672192,44.85979151,45.9375635,45.43107323,45.37967068,44.39829748,28.09800995,34.76791484,34.46550584,39.11617851,54.99147486,72.34186978,43.16680304,52.33191648,50.66490355,75.56366483,55.76772586,47.10282376,38.49751578,55.28380591,42.32368043,42.49642464,38.26461397,47.33043299,38.04044511,55.59868287,45.58651188,40.7010584
Jun-04,57.60664279,44.28366413,44.04548753,45.4204005,29.83095732,40.23214986,52.67801764,37.21533759,43.90690885,49.55218589,27.90014701,28.16097423,33.53259019,41.50896366,50.39826513,63.78130074,46.00134541,51.89383039,38.62887523,65.65331041,49.26430828,60.4671394,45.83941393,43.15042797,48.03229648,38.36917098,38.43362636,45.5203385,38.93827267,52.23438124,46.59044938,41.90628741
Jul-04,57.66432564,44.32402658,44.09145735,45.01836131,30.20544374,38.51920789,50.27881257,37.55824211,46.24391268,51.21952066,29.19479486,32.25731871,35.24941178,36.34132665,50.72873501,64.47272904,47.84116756,57.01377529,38.62993975,64.50679488,52.91949886,61.04776482,47.22274945,39.15457722,50.91204874,44.66595883,36.88434611,46.67624247,41.87410461,53.75772863,46.59044938,41.94849201
Ago 2004,57.92416306,44.92623436,44.78859973,46.65705847,34.74747783,37.02862857,47.03771866,34.95284748,44.05297159,51.9809753,29.23925513,34.41846365,36.59725695,46.61751126,48.58470109,60.10749592,41.21018211,57.00930502,45.09319062,62.00333105,45.69840168,57.77388486,46.89516538,49.27359606,49.2734397,45.62100508,33.61503441,48.14668746,44.20184224,52.5106118,46.62842791,41.31206587
Sep-04,58.35969502,45.6495295,45.55249829,49.72613997,32.60313786,41.88113133,46.74620426,36.45626479,43.30647863,56.41883869,31.91923801,34.69397658,37.16491297,52.51738684,47.36855584,51.9583504,53.93545776,59.40834789,62.58809244,51.19520636,47.64561023,70.57677478,50.55060211,58.62117431,51.75251215,35.77851403,35.78054913,49.2062661,46.88841474,50.93656387,46.14890102,41.25019776
Oct-04,59.06088559,46.82609497,46.92639643,57.25958864,30.20331113,44.94473904,44.38321584,38.84300114,44.16218157,71.50214979,28.33267775,33.06320437,36.34147384,56.22759712,45.96948627,53.8254436,50.29538991,54.68774677,68.54409815,53.96285481,65.62713047,59.76800548,56.95674131,94.35829234,57.48737594,38.91625456,37.6904587,50.45940844,47.02020141,57.46178217,46.49339314,40.74709978
Nov-04,59.38105186,47.4077179,47.62473803,59.42385404,30.16854958,59.63916275,36.62572674,47.84688849,44.64036851,74.34251797,24.66426348,32.93308957,39.76734553,45.97894281,46.52991816,57.49688051,63.63651369,64.48508022,69.29245775,54.01546301,70.73812695,51.46711429,57.03384675,103.0209432,56.75083216,51.09246754,38.22879447,50.41010448,47.33806889,65.38272235,47.42444256,42.10771844
Dic 2004,59.72026934,48.04342652,48.1963628,59.48858144,29.42533478,56.7809282,41.90742145,55.86322591,42.90514317,73.42172065,22.89026909,35.21567499,36.42560858,37.58186841,44.35774204,61.31571951,80.3821772,70.99751305,72.90970662,48.24228556,84.43401631,50.11055615,53.11333154,101.2574345,53.99106957,56.3301818,37.00049866,47.35143283,56.10015507,65.2143033,47.68952503,42.75997131
Ene 2005,59.47789554,47.03597972,47.07749725,49.80135138,28.73266285,43.25178472,45.14435935,54.52484084,40.89981411,67.08123775,22.30021353,33.97607331,35.55891947,37.10008832,49.06914903,67.59244405,65.76254112,68.71022684,71.27140585,53.00046796,72.64307897,44.86705174,57.92443743,55.55807911,47.29361002,55.74612464,39.31694215,46.58448232,63.72502591,62.92811669,47.68952503,43.22853826
Feb-05,59.5488084,47.19985128,47.2481852,48.34999902,29.82200035,39.48661035,43.31749619,46.80193604,39.32817904,67.95253713,22.77749899,40.95105294,37.4196824,41.02852651,53.06574404,60.63376284,63.3879543,66.58387021,56.51977958,59.07957349,75.55128299,48.90891972,57.08084001,45.91016038,47.57912118,60.53012927,37.89807269,49.83854375,88.56163105,60.63785074,47.68952503,43.65442101
Mar-05,59.88537988,47.85453025,48.01168403,53.14848719,33.4502108,34.93342272,42.83480534,48.32952284,34.39755039,63.15394901,20.70376581,39.000157,39.57103115,40.7817611,51.85361911,55.18047731,57.30862592,87.69619249,51.88325003,63.68850873,80.10135801,75.21581965,81.18245023,65.46553736,38.21671231,49.21433525,31.92351945,57.75776422,104.7427639,53.48732573,47.68952503,43.84913767
Abr 2005,60.21824695,48.6718699,48.95306608,60.33003761,34.60693879,37.81814092,43.0829785,41.56055728,35.38403566,55.22749782,18.58527791,36.52467122,36.05832161,38.43463595,48.2208626,58.40201225,52.23656638,86.00717691,68.31522572,49.05885622,82.45886392,103.9120892,71.17562372,95.93404099,41.83086568,40.2830235,28.62221363,61.83264529,106.3873826,50.52046975,47.68952503,44.64622904
May-05,60.58445365,49.43956373,49.70457278,66.1732807,36.61329886,36.04823413,45.12239187,39.10244543,36.17996523,54.98882282,21.15190182,46.53359763,39.38147459,38.38998316,48.02145498,59.49716837,47.85178563,70.19510027,79.38679628,60.29413657,101.3195928,114.3560642,60.0770024,119.0738589,40.92772909,39.1938697,32.31614288,49.54180695,97.04385564,49.47790339,47.68952503,44.93974283
Jun-05,60.53682561,48.8381632,48.90509757,59.33314452,42.8392423,42.67214275,46.33060328,36.98459456,37.19835959,56.90974978,25.57260749,44.03498032,39.56494913,47.39003807,47.6093727,67.49595192,53.04595298,43.04940868,73.66338884,75.40526842,96.54733015,72.80062974,35.85174972,89.63444647,39.88799711,43.90518052,44.17413569,49.48885084,77.64702922,60.68563746,49.35137343,46.15216581
Jul-05,60.7575022,49.08921765,49.0861787,59.77301733,53.08878219,44.20019892,45.98149846,39.86378411,31.48932889,68.43734574,32.49545494,44.96519791,41.3459699,40.57763407,50.46701251,58.33215904,50.05648331,50.97668077,76.58337519,78.86311351,69.36342634,77.56281751,38.43455394,83.36885276,37.79621277,43.56239161,52.44496222,45.06336382,71.81534557,63.0773045,51.30515781,45.95984713
Ago 2005,60.73686338,48.84865744,48.77118547,56.47283167,47.27997739,45.25404799,43.18865989,38.78031155,33.78768227,63.38923375,37.58012034,44.16592125,42.0602704,51.69080665,50.5791793,58.36590169,47.59839984,72.03088959,94.28958481,74.95180866,60.56929543,76.32940227,40.8695347,64.9472139,37.70514918,49.69875175,51.22675151,47.19758621,68.83558474,68.77557945,51.30515781,45.83419254
Sep-05,60.86016708,48.85753718,48.78197839,54.86330742,37.86407499,44.99520787,40.30854512,37.52765261,36.43299084,69.58257893,35.35121785,52.52094393,45.89161067,67.23199148,48.61525548,50.27180997,57.70825151,60.80679617,76.08677525,51.57833125,65.78797794,70.21330459,51.994162,62.71902749,39.96674034,47.23280229,54.96797641,49.42859044,60.08386381,80.82540876,52.68120818,45.83419254
Oct-05,61.20996857,49.25349283,49.20050366,52.8572139,30.47713833,60.84891553,39.14130008,39.06430296,40.25264382,65.6729196,28.83381276,60.05355843,41.69872757,64.9026603,54.4020967,58.62992312,58.75992319,53.86968805,53.8818918,53.35671693,61.40488441,71.97835291,42.75975866,59.40470408,37.60283655,48.51058398,56.60663153,46.12613809,42.57499253,78.4488936,54.34037123,45.83419254
Nov-05,61.09777808,48.62222408,48.54053688,50.01923657,23.21837158,69.76340932,38.63723547,30.87311445,40.82341207,64.99893393,23.87605054,59.88089815,33.9090002,60.80232567,52.76783871,71.36155705,59.60936888,67.67312508,43.44903498,59.57020208,53.72509932,69.59759006,59.93054768,51.52898313,37.85942162,55.22598791,51.58946741,56.70320728,36.36028843,64.9106828,53.20293344,45.95121437
Dic 2005,61.54018964,49.6151404,49.7101691,57.31474367,23.30154339,67.58625408,42.5112303,43.66065868,42.16449272,85.12018621,21.83588339,56.80853652,37.48894995,59.30662512,55.58085302,77.6927434,60.26334554,68.52843601,56.35264948,65.59727124,64.5216449,69.92133673,63.99797385,80.28120142,36.7596948,54.70647784,49.00489932,63.26748186,48.09325095,51.77108317,51.66998187,47.58808131
Ene 2006,61.99636042,50.35296602,50.48965743,61.93545942,26.73760562,49.72178841,46.83644904,62.75190594,41.53350169,72.52397716,21.9669087,57.90108781,35.95898181,59.30696085,59.88701227,81.35648462,56.96691708,78.79589246,55.61280605,61.34915959,54.69359192,64.70100438,56.11998757,99.87435708,36.78754955,62.8594645,48.715909,64.73838337,50.52760251,52.69010338,51.50272289,50.12371432
Feb-06,62.12389773,50.33197755,50.45408078,60.36695958,28.61153057,46.44281373,44.65335648,58.48334882,41.86652474,72.29276075,21.92097623,55.28805209,38.69758424,49.9140957,63.41926091,74.96728459,71.93501895,86.53988363,47.39043107,61.23822492,50.36911229,49.07906879,95.72891671,94.61292062,35.75263858,79.94250958,47.81172748,53.34916838,41.30154828,50.16731423,50.98368298,49.40144019
Mar-06,61.9720172,49.53925899,49.56826225,54.35095816,31.35108217,49.98612513,48.33914344,52.68569432,39.9011944,71.10887847,21.95601446,56.39836509,35.8988373,44.59470636,65.02055233,71.37754041,68.67623638,81.33202349,52.63639999,67.93033027,52.34971715,48.85860326,119.7830774,66.64196539,38.22903268,65.57733562,39.36215122,54.61326716,38.13175798,50.42606184,50.99442438,49.03982353
Abr 2006,61.86670631,49.40969552,49.4103659,54.42115548,33.88227771,55.22039209,49.15372135,52.43644654,39.6841227,57.71459987,21.52407259,55.34959846,37.57071945,44.21263964,61.15300942,64.74444615,68.11299597,51.43190288,48.72587506,57.51619521,49.20773904,46.59701096,90.92739197,70.44778938,38.37419877,44.19595576,37.23454256,76.53846469,43.35139865,49.4860621,50.61770805,49.25564249
May-06,62.12125172,49.67326233,49.63941555,55.99831603,35.14393015,50.62822853,48.06603422,42.56661197,40.38162846,50.27770367,26.59607711,54.02407971,38.15391844,39.28203173,54.81297288,65.60399571,65.79005158,45.77999629,39.88128644,81.53984128,52.6584625,46.29047781,53.42084082,77.65671668,37.80906881,41.43797772,54.09544125,52.47311003,44.63323382,54.07242166,50.35339283,51.92172608
Jun-06,62.0953209,49.23573335,49.12695194,53.12843082,37.78687449,49.17662514,47.83389139,42.73919717,44.47767709,45.07363926,29.42151281,40.85646154,41.13377467,36.32185401,55.30103911,57.14347067,57.15418125,47.27902556,38.47345488,87.13975479,61.90105795,45.0133667,41.91159879,60.74320264,40.07548098,45.11340176,57.75737639,45.49294741,42.52958289,60.86221521,48.11419404,54.40124616
Jul-06,62.27207385,49.08518141,48.90269914,51.68619499,43.0205142,50.06357729,45.6876092,46.44505853,49.49144915,56.90635951,32.93505222,32.10985527,40.5644292,39.63354654,50.63184542,58.69444853,63.17897135,46.36262099,39.92706092,59.15791395,50.6294671,46.49041952,48.90538183,50.74734228,38.95325609,47.5047774,57.78728393,51.41398791,35.19839395,62.31796187,49.38666661,56.01509241
Ago 2006,62.79651148,49.6611536,49.49191237,55.41759275,51.12912629,44.72987176,41.72811931,43.20408206,52.6423595,63.03800178,36.88406677,31.109417,41.40104605,49.88622967,49.21227224,62.60859572,52.41803887,52.94508799,54.28960407,60.46682869,42.86312426,51.76437862,43.30953416,65.90036994,36.71202033,50.11611448,55.43467318,51.667812,40.49996942,61.09765222,48.41802228,55.31392058
Sep-06,63.56014771,51.27403717,51.33630167,64.31806583,44.01004553,40.34807825,37.37915194,47.03305671,56.20314437,70.59626965,30.74236572,31.72446761,44.14741996,57.43154373,49.33207762,65.50276777,51.18199886,69.75328895,75.78711205,46.80528131,50.27164963,63.57616676,46.25961578,107.7088993,39.33572319,51.08745417,45.64864709,57.88376323,49.12928175,63.54934405,46.36641442,54.64584099
Oct-06,64.08299774,52.08895508,52.23691049,68.55588711,36.61329886,55.71758499,38.38965603,41.57377496,50.79522763,64.271382,24.81413288,36.53871536,45.90918098,62.66162749,46.0784368,90.9393967,58.33809618,70.56464227,101.3644041,41.66454585,64.00297996,63.70924054,48.55133554,125.7538847,42.47313186,53.83289879,41.84934591,54.23618316,73.22403157,56.38017056,46.77765668,54.88132346
Nov-06,63.9110076,51.25062695,51.29632791,60.61812012,30.21290788,64.17336212,38.82247476,39.49708775,48.08385377,69.62394023,25.77105931,31.42293171,42.96683059,57.04276231,45.28764087,74.56237282,62.83629724,63.69235301,116.7222762,48.31033312,78.82820939,62.66120172,45.09299674,86.35790174,41.27323508,56.7437845,40.85926715,50.78079722,90.29608186,56.50371672,45.7027492,55.15901052
Dic 2006,64.2729807,52.10550368,52.22331941,62.70671828,27.62391859,76.36832967,44.85640724,42.78111612,51.52059767,56.80600752,25.33793968,33.83563194,44.37245503,49.07677198,44.29783935,59.98850869,84.37650252,83.66177723,176.3525917,59.52045303,92.53227744,90.67157852,41.35817333,80.11837532,39.25965831,89.71105348,40.83109842,42.9884888,89.23438473,63.39957348,45.7027492,54.71538266
Ene 2007,64.45290885,52.56644288,52.76056675,59.91067701,30.06298535,75.6957451,44.09585745,49.00664598,45.19945173,68.63601556,21.89859887,36.21322182,44.4089472,47.4645713,46.81938083,64.83087469,84.09512363,95.72181043,214.7408847,56.2118551,77.70636645,61.77205697,54.78501404,67.58000995,42.36278421,97.48302431,42.30804415,45.03825532,51.67913175,63.22241296,47.03007964,54.35904157
Feb-07,64.53123051,52.41992718,52.5718906,57.93512388,31.27814688,64.31677354,46.47250133,64.79347187,40.37803307,85.08696156,24.83179921,36.44825459,47.96287938,45.92488943,55.03610036,80.67689585,72.55569347,97.75429147,196.6227048,75.30577032,63.08969349,57.02509655,60.7308018,58.74584394,43.52839822,65.11610593,46.13760063,63.56011,43.184074,79.89589878,46.99747181,54.47318582
Mar-07,64.66088462,52.20196994,52.29087507,54.40155493,32.86182353,55.67011431,48.63422013,94.02079565,43.06378977,68.5763468,22.80547069,37.3648411,50.74878648,47.43704101,57.29471325,89.5192456,56.0334921,88.9255157,210.6887783,57.58424276,62.32839424,62.61618173,81.42882265,38.49458372,45.30788799,43.70464588,39.74016865,77.39032758,42.25120205,85.77133425,48.35088852,54.47318582
Abr 2007,64.70427906,52.50307384,52.61066515,55.4321792,37.07522232,49.21809952,50.57923271,114.8548892,46.83580384,53.76764757,27.06570716,40.70651972,50.29567533,45.73519901,54.32611275,88.11566983,51.97401044,57.59789007,167.9726673,50.42781292,62.36792455,66.84673642,59.88948561,50.44209057,41.33483693,41.28381671,38.74626451,58.25217339,44.22997647,66.99231893,49.35060619,54.47318582
May-07,64.8736232,52.82960607,52.92885628,54.65590625,39.28140801,46.87354767,52.38769068,42.40195737,46.74097541,48.88159049,33.30310085,42.95275561,48.89511925,50.74537618,50.30097351,73.62941819,51.58210708,52.08605183,59.40303989,69.51029157,70.89215885,69.76442883,46.80300384,63.75529662,43.76677057,36.50607879,36.82070564,51.07662099,34.8069826,50.79844859,51.57215838,54.72065823
Jun-07,64.94189005,52.56200302,52.63824704,53.14666389,50.17179739,45.9526165,52.29922704,28.99091603,42.56313165,54.8579584,39.36971998,39.76845394,49.20124803,48.67321821,53.98559208,72.32233456,49.89093793,52.79756921,46.90500862,74.23130514,65.36745722,65.81855936,54.79322645,55.37863039,45.94533316,34.85981469,38.3258201,46.77165477,31.75318431,53.53977456,51.09339873,52.56822377
Jul-07,65.27951993,53.41647612,53.54445219,57.92828648,52.81388868,44.62393719,52.02611783,37.6231976,43.89387556,53.98665901,45.82970948,40.48511802,48.00781882,52.07052322,59.78248409,72.48157618,45.93715434,72.32741725,42.30573737,53.75299387,51.97554231,63.21071039,63.29125,72.7674002,49.41753445,36.37573127,43.75438681,50.09967213,32.19148605,54.65984865,51.09339873,51.55195626
Ago 2007,65.53141934,53.95733298,54.10328536,59.1658561,60.62436181,45.40195663,46.95281732,39.0967807,42.75368734,67.72810126,48.03711793,37.70479184,41.0759954,58.07044792,61.81595935,61.97222121,37.85438898,69.16246877,44.9042378,50.35576257,52.40628638,76.54126104,64.9871135,71.98273706,49.92320524,42.0878353,42.79595441,57.24052915,44.98614569,54.54737503,52.8277516,52.89866659
Sep-07,66.05321097,54.98859362,55.26172493,65.85329032,49.44628325,47.83695261,46.68089554,44.16179778,43.29299592,74.67951081,53.62615716,47.60673496,37.68492644,58.62944711,76.01932974,65.61701919,40.58709439,71.11001475,39.85307658,53.87307779,61.4907606,96.80422767,64.85662737,94.4478278,51.54360155,51.38574945,42.82899181,58.45669352,55.32029386,57.50840336,52.8277516,53.83052491
Oct-07,66.10454341,54.44894764,54.64013296,63.2865299,41.59806292,59.97295658,46.34485246,41.96464081,44.55093317,74.4571091,43.70857164,59.229498,43.51286162,62.60018794,76.35623212,81.71699818,46.92994399,66.49670002,55.09757696,51.31814942,70.77084169,75.68985363,57.99789291,87.10591956,52.23461353,53.303362,40.17869668,51.61074723,45.42790251,60.69204787,52.25730641,53.93076083
Nov-07,66.33792081,54.92764632,55.07504747,64.26701324,38.3087243,73.66000252,46.55502781,51.82503417,45.56842868,85.88096279,30.19559268,56.12698278,45.41856399,65.61911933,78.77284339,63.61081157,68.09369038,117.9792659,58.32042008,76.69931562,62.17231767,113.0259884,69.02533998,83.9049322,54.14748469,64.30456729,37.74749169,58.50554096,44.75070658,70.08913147,53.60266706,54.06217059
Dic 2007,66.60781303,55.36880792,55.50316644,64.70323944,36.57213948,75.62978584,45.11289242,74.95182963,49.92694082,58.80355459,27.11016743,55.28887822,45.02154266,61.40497044,74.65684503,63.10881568,90.79174806,59.94552488,76.09475917,75.4452964,75.70190711,90.34452155,50.4132723,88.67146797,53.93964543,68.78839662,45.61595745,57.79017701,42.67963213,71.08216282,53.50944703,54.55855421
Ene 2008,66.88405566,55.50725113,55.60230137,59.7657241,40.51469673,76.62167319,49.95998725,91.32287722,47.1728717,64.65990693,22.25781433,51.2908427,43.16922699,58.57270786,69.44048649,77.7152385,93.69965164,72.36466947,69.66237947,52.68596246,71.09049196,49.91193855,52.77434134,74.49653028,51.84411141,72.00321765,43.23378692,55.39163061,46.40124828,64.02021807,53.76800793,55.33646167
Feb-08,66.79991279,55.01442559,55.03187581,54.72519192,42.30395704,57.25963251,48.29817705,80.29819459,49.52650421,65.09589565,23.01805558,48.81040017,41.36286443,52.82424887,64.86295598,61.92249521,88.53202946,68.39507307,63.10811189,56.55152105,62.42244911,50.18867906,51.02509715,52.30949061,51.77286754,64.11029935,42.64433012,66.05361218,75.47871891,46.61361403,51.75476222,54.84343524
Mar-08,67.28254359,55.95850334,56.01163268,58.77475675,45.40455961,60.23629392,50.401118,81.19246542,47.85869244,67.39314258,24.07774118,42.80033541,41.24527854,54.98201933,61.00023746,60.80602793,63.20262069,102.7997319,55.05872188,54.69936953,63.67446946,60.88820869,55.86540273,72.9358931,46.90042956,54.37684902,36.48754953,60.80913159,99.39183017,37.08482556,51.75476222,54.60315679
Abr 2008,67.7762876,57.38571964,57.58619909,64.74973377,52.99963907,61.51250565,51.91865529,42.56774491,48.08025838,58.76490551,24.53677143,51.17890266,43.41926595,50.65271325,64.87863521,66.22912267,79.43813415,100.9162598,68.3237419,63.6107401,72.47132658,74.29754432,62.44400262,90.57513554,46.9604244,63.41030811,36.57553334,62.61420438,99.51473235,41.72421673,51.63699042,54.24441772
May-08,67.99855178,57.57865216,57.8084532,61.45501803,53.60295461,45.22656496,56.49739063,43.67689755,48.19441202,49.79357311,27.20851003,53.93981489,43.75614277,47.3188622,60.94998352,59.87248134,84.34126983,70.7985862,63.58076006,81.10868283,71.44081229,73.98505264,65.60486953,77.94345684,44.42189278,66.30176702,39.50473369,47.85588539,74.77486949,44.73011795,52.46906548,56.22131942
Jun-08,68.03083301,57.25534892,57.46347965,59.31126483,58.23157269,45.82519521,56.60782175,40.36907734,56.58964885,47.31053939,26.95970915,51.81088885,46.72282128,66.38862453,62.39528672,62.27235319,71.31241387,59.25337866,48.16806506,102.6231468,67.06112655,72.00748349,53.81549294,67.95515222,48.16192818,51.33686913,40.17000263,45.26286226,52.17616988,55.55089615,53.3448734,58.79532025
Jul-08,68.32136405,57.41720236,57.60298807,59.74202111,58.72143335,44.17921188,45.3052563,34.53252508,58.22555153,51.32055071,24.98932402,47.98179605,50.95827858,59.48020024,57.0080648,56.31174399,46.57423861,61.37750016,45.74680769,79.62536049,75.56695881,75.24097787,41.89426147,74.24832437,48.30762993,44.3494901,39.41987973,43.74311331,49.13717908,55.08526701,55.80618904,57.79919584
Ago 2008,68.97386818,57.77481368,57.89999311,59.09064469,56.11090469,36.77228691,39.3651309,35.47891136,60.28705856,54.0693816,25.84702454,58.61568658,51.26508315,61.16827709,53.70738629,50.32863969,42.99836182,65.05429412,66.75250608,64.04532953,67.78016926,75.67793657,45.01224134,66.3986707,46.17567048,51.37070936,37.44459089,50.787645,48.28624192,52.7244865,57.49949441,60.34394121
Sep-08,69.63166433,58.5784301,58.83697805,59.12072925,52.91049594,46.38035231,43.32758936,39.98236563,66.84684854,57.78104916,26.98856417,61.02797374,54.26014446,67.70437098,54.47808065,60.15307809,47.91501141,76.96680853,98.3028362,57.19368411,75.77551527,75.45747105,60.52047275,56.22600614,47.42752707,53.97013969,36.64195591,47.64086534,49.1105256,68.07567883,60.51667763,62.79900181
Oct-08,70.03438586,58.79679096,59.03604738,60.07659794,46.25568451,54.39090444,43.50214177,41.20745625,62.39755279,70.10400245,26.80748424,65.17140739,53.91819928,69.78559381,52.43375054,62.83473066,52.24911501,81.18226957,110.5656079,60.77618774,83.91262515,75.95732532,64.22837769,59.14365342,50.82312782,50.20384839,38.48439963,67.76601178,47.68505777,72.52392312,61.80794765,64.26992794
Nov-08,70.50272825,59.78890003,60.13132841,66.57668737,40.75056346,54.09208901,40.72770839,40.61114981,61.68926086,66.95308554,23.72647557,65.41098385,54.19628316,64.88990236,51.13237462,63.13841449,57.35544196,82.60753945,104.428101,59.50672915,75.59490265,109.8514172,53.78538075,86.86224709,45.9715809,56.83402509,40.53967376,78.06003971,65.58879548,73.98549743,61.50642113,64.67470839
Dic 2008,71.36638336,61.39572924,61.82101926,68.55998955,38.1312911,57.52596801,45.38600163,48.79705125,58.85609314,57.6420481,24.81295512,58.30712861,57.10923708,59.58595685,56.21847496,67.83752223,62.4275015,87.42723147,80.77972452,54.29394334,88.08920689,92.45185419,44.34977327,99.13162827,45.09147804,65.25084015,40.22877443,78.07190919,80.436267,66.95910133,62.19080192,64.75288282
Ene 2009,71.44417583,61.63588583,62.04407284,64.92340376,35.76324027,61.21319053,52.94993943,74.54057079,56.87098816,67.74437455,21.81262271,52.82082757,55.65495641,54.25213089,67.18911016,85.30555841,71.90992169,101.1405181,57.75249711,59.73374494,74.99990332,82.11910505,56.46855892,77.18221649,47.68464781,67.62216232,42.6610227,70.66079342,66.10458976,67.83849353,60.04175419,67.94508508
Feb-09,71.22455764,61.16808501,61.46765122,58.5933377,34.24418173,49.80173902,50.54895321,84.39794297,54.38837102,70.39420956,23.78389116,53.35078723,57.41367641,53.26809087,77.13416305,63.85766568,82.99084423,96.94591833,49.67436498,74.59784701,59.26888454,73.7023536,57.04799035,44.03067116,47.19611841,63.80761737,45.69837707,89.10777912,51.33263646,61.94907171,60.28036677,73.74246202
Mar-09,71.59870235,62.12911499,62.46059943,61.23667702,36.33733905,48.96175785,52.92440965,96.49023695,52.99965143,59.47482804,24.75671729,53.64406187,58.78111923,56.24471962,82.95115663,70.35756527,84.50826313,101.8572508,50.11028711,65.661316,64.71111776,73.29849783,57.54803512,54.40091821,52.04712966,60.68993031,40.39083158,98.88822412,50.6065758,63.62685178,59.19778686,75.63735251
Abr 2009,71.896113,63.12162769,63.48952402,67.84935565,42.9482187,49.95664334,51.81950477,71.82301466,49.3112302,55.70213562,24.75053407,47.92024968,61.11898353,54.17625473,80.13010169,64.44964196,87.59715656,84.54539986,50.50895094,77.86412965,79.07220683,75.22508847,54.66684653,85.93024711,52.95990828,51.68592475,41.59895719,122.1533025,62.17270724,62.21306419,60.99735538,77.35047548
May-09,72.1395452,63.59023575,63.89086057,68.15612705,50.68916872,50.26645198,64.56479932,43.41556502,47.99172189,56.88398373,26.00042721,46.03172624,62.20462568,53.08578663,77.4208115,63.88489659,86.21391147,79.03356161,46.23382692,90.31454492,109.4703338,95.72441003,63.89075623,80.94648394,53.05311455,55.03798668,52.3423724,54.24896567,58.08238457,64.5621894,59.73063714,78.05068811
Jun-09,72.33587856,63.76137255,64.0591501,68.29196343,53.68335403,51.03247883,68.62759574,41.31810716,47.4672443,53.56287527,30.37166715,46.39893913,66.71951842,51.6065371,73.6043266,65.77211698,71.29069509,70.61307016,43.68110098,81.33512679,87.86292994,84.4071797,53.65078841,82.184869,50.48619252,55.19590771,62.70881347,55.36469604,63.05967597,70.472008,58.94267855,79.3647858
Jul-09,72.46712027,63.74563119,64.01318028,69.1913096,63.18669346,53.5664137,61.92217082,42.46313637,49.78806887,55.23766863,34.2450109,48.03095053,66.76074106,59.15520852,68.81130721,67.89908777,71.20912899,78.0106157,47.13441331,78.03853725,68.20955021,78.48771343,47.22046822,84.38547698,53.58878275,56.83089174,63.08022342,53.38386376,49.35040696,72.39688038,63.41800714,79.23673321
Ago 2009,72.85925779,64.08790479,64.34856013,70.17224876,58.10254975,54.82163839,55.25533742,42.88308112,52.94167576,62.70439922,35.97483945,49.50517191,63.45177948,60.19968089,63.76339987,73.52523037,61.19435733,68.53812159,57.84032025,67.55235184,63.67719568,87.56387528,40.76779201,88.62802249,51.9657081,55.24604137,61.87522767,50.38362643,45.15149601,61.30103716,63.35739494,78.46458092
Sep-09,73.31331177,64.86165299,65.29633798,78.37804188,46.26975974,60.16433837,50.31443551,47.07195447,53.83378203,79.49844054,33.94644985,56.34136241,63.33453148,63.4378474,60.5487561,70.17760448,60.19818919,61.70606473,64.84328424,58.37050653,76.96755859,128.9703465,63.53442871,118.2725732,53.56789169,55.01667987,68.81899394,52.81093347,53.37853817,64.14026763,62.72825566,80.64195446
Oct-09,73.35935221,64.59404993,65.0457025,74.61245712,45.01791731,63.51077138,48.9963867,48.30157687,54.86386141,81.9190933,30.88693522,56.19968185,62.61077005,76.55670238,58.49960161,66.24214615,66.29923636,64.80842948,77.4946068,55.15740391,65.51126576,92.34327657,52.89114011,104.84792,52.54476542,58.38190188,68.99496158,52.38089337,57.21812066,64.26323102,62.67915211,80.33261395
Nov-09,73.28155974,64.53956062,64.88141035,68.87314253,38.51260188,74.01728184,48.00131921,47.11651696,53.45087294,70.81256888,28.4866693,51.09629009,59.94819298,74.99016169,58.61377856,61.47792102,87.10003777,85.43572788,70.70348288,49.4700007,74.1016111,72.27296901,55.91604595,84.53016931,58.26570184,63.60394937,61.04511948,47.9540368,50.80104752,66.01385671,61.40936489,81.19205302
Dic 2009,73.48265591,64.53633163,64.88780615,68.74733435,36.1185332,72.08247691,50.54539091,60.14877719,55.82472952,66.95172943,25.89354589,50.63613805,59.32140612,68.37248414,62.72816879,55.67181763,113.8324798,70.79560603,72.24384753,59.34890457,88.28890311,66.50511416,54.62304699,82.52449931,57.64700506,66.82942381,60.92548931,47.51030115,46.91605539,62.68860033,61.80641316,81.81217284
Ene 2010,74.13516005,65.57727926,65.65210445,69.13569874,36.08099925,75.0946164,56.73606433,64.45472147,56.6188614,83.85764967,25.54728574,50.31807964,57.06666288,65.23604541,59.19712624,70.73643009,127.4231283,114.0655478,95.13055791,93.30920917,92.30054804,57.80301544,74.26714136,76.91701017,54.74582607,70.97171757,65.81780684,52.97345393,45.8010513,61.59533343,60.66130294,81.83039755
Feb-10,74.34260662,65.57808651,65.58334958,67.81152203,37.28997621,65.15025872,56.60010344,54.89871252,53.17672442,86.00030029,26.04400417,55.38099124,55.896886,61.14376842,63.36900698,81.87564782,114.566092,97.89063459,130.6451714,106.8649683,78.68235618,69.34004925,67.136941,60.90829546,50.2944233,72.90311687,70.28237695,52.05630896,57.25020356,53.47567043,62.73285912,80.43141107
Mar-10,74.81041981,66.57302095,66.69901723,76.45445301,38.58724325,62.14461521,56.36974176,57.80962451,52.5668563,74.89241976,26.04547636,51.74686411,56.81594813,55.40471001,65.5564603,83.21706608,94.54330566,87.06513991,176.0837997,121.7805349,70.65497699,95.90515204,72.30391816,94.6964115,51.71662238,71.35837343,65.27912331,86.14725887,69.43676889,54.52173338,63.55956348,77.74758237
Abr 2010,74.50030835,66.05799606,66.11859823,71.87931993,42.71192545,63.33537972,58.05292572,60.86593104,50.90623531,66.2418069,29.81458874,55.38512187,55.98271018,53.44032305,62.40815173,78.2444653,97.26008396,67.02270134,172.5682127,79.47782882,61.98352636,101.663076,57.53389152,80.27742356,51.1654198,59.87275163,55.16133215,70.03079836,64.9713231,53.3964144,65.1289591,73.32425283
May-10,74.51459676,65.8150141,65.84997456,68.43737216,44.61144172,58.83515936,63.79949981,60.01244621,55.25575898,58.07193433,34.90249297,56.34218854,58.99567969,52.9122115,63.12899418,66.34455804,93.92311377,69.25857949,95.77885237,80.54085743,78.53036895,117.5564556,53.54767699,73.31632439,51.45575197,57.28021468,51.63050334,55.70023689,54.54240698,54.3206795,66.9975795,72.34155715
Jun-10,74.28174857,65.09010447,65.08687548,62.76050584,49.23216915,55.83900999,61.47747777,57.26014644,53.72816744,65.53188437,39.73217427,58.89533014,64.34718928,55.3378987,62.11024639,67.37755666,75.60983685,67.96145725,66.65510224,114.8454026,82.54133232,94.73661855,53.79176819,53.97968595,49.89213648,56.15471398,51.5519091,61.68564645,47.22750629,51.16209388,66.20003037,69.56564569
Jul-10,74.44844671,65.25760864,65.26435897,65.79448867,56.93451892,45.09564583,63.80424953,52.89604435,54.52229931,61.08791849,44.1101863,57.72347078,66.56611613,60.88659521,62.36593842,60.6521141,60.29761295,89.27270638,74.28560248,81.13784606,61.81450021,77.7647454,57.78802011,64.53051508,44.48992265,55.11193383,53.20030155,63.74682593,49.53994284,56.24438635,66.44209555,71.22169653
Ago 2010,74.78343058,65.65316067,65.71126561,66.18330889,58.59113084,47.3232699,65.51177584,43.66481281,51.89946194,62.83458558,44.72821355,56.11583009,66.59483682,59.14245058,61.90279815,61.23580272,55.23810204,95.49233677,76.06867836,65.54637853,58.02367977,72.59208127,65.87268548,68.12817857,51.69519565,57.1467338,52.4240965,61.03282548,48.18209589,56.59579357,65.9848187,68.0021572
Sep-10,75.10306765,66.24769959,66.33645523,69.98991806,64.84010647,47.81896372,56.96820717,50.52101509,54.2427577,68.66652799,46.0243336,72.87874748,67.8960531,96.02565393,59.1633556,68.29334397,59.62240015,85.6711619,78.7858731,62.0307788,67.81969957,81.28557323,61.55158696,80.5418743,50.45137408,67.71866962,51.57799126,63.81986883,58.82769496,70.54427084,64.0037972,65.92501959
Oct-10,75.55500482,66.633161,66.63865685,72.45958739,55.43145495,51.9708992,50.05973148,57.68084649,55.1222801,72.74027638,37.81537702,88.53383025,71.6733309,107.2116811,58.23988927,81.35826055,62.41205703,86.03027328,69.61021784,71.08739373,78.12688717,113.4748641,59.62942583,90.93478856,57.89609078,68.2807933,50.15425313,54.24120486,54.37162725,95.85316658,67.052821,65.16245925
Nov-10,75.72011536,67.29510522,67.35618585,75.11249906,48.44822149,65.21471891,54.10115414,78.38200784,59.33967317,82.18489047,33.21594694,96.77319532,69.43784741,101.1738183,61.63986955,70.32086274,76.75996701,93.96201563,63.18369301,86.59937714,92.58271267,136.7674111,66.16331369,96.74326026,66.3039389,68.78839662,49.92368685,61.05793398,58.96688538,99.59335155,67.86916758,61.40241332
Dic 2010,76.04663203,67.78752713,67.67797462,75.15078851,44.88932089,80.79009848,58.10457898,145.3711261,60.22144269,77.1822081,30.96555041,97.59147287,71.61014538,87.84915759,65.0253767,73.91475076,95.46514729,124.4045285,71.12556621,127.0339205,92.18536489,98.88706414,70.3895132,93.17166407,70.24538554,76.9388766,52.07459557,64.84657817,74.83804812,94.43471688,65.05607101,61.78609148
Ene 2011,76.32818933,68.0261668,67.5404445,72.05880109,48.02414166,81.33477415,63.66648469,197.1019529,61.18562896,71.22429928,30.23603309,82.97712821,71.87039656,73.86221645,71.62463968,84.1506752,106.2484536,93.9423017,72.47469766,109.5005127,81.16680905,75.24945328,97.77760455,79.08140374,73.72430523,79.57165492,51.20401149,68.34602789,60.74218311,97.16652921,66.28538091,60.9840003
Feb-11,76.67205465,68.45727773,67.98480741,72.83233908,48.61333441,72.36827318,64.76213784,162.422684,57.61219449,71.45350911,29.94418712,83.24760368,71.25905957,72.74938153,78.86682941,64.33072732,123.7731959,73.0101564,66.20942901,95.24681412,64.3995554,63.4704773,70.48168437,95.19926653,75.08476259,66.77593837,46.7337303,78.28310704,55.78356113,127.7137901,65.45551084,61.95286406
Mar-11,76.95568636,69.58212254,69.13580247,72.32427567,58.14803356,73.33736762,63.27240096,89.27826812,54.06352101,71.51802181,31.18034802,75.53383316,71.37690767,66.34827456,78.67725349,67.28500355,100.9762887,75.6707583,53.79876485,85.84297642,61.43889915,65.42803262,52.91228766,93.37143749,73.18877587,58.86232546,51.58317107,121.5012695,61.09417712,119.9357279,66.92318785,70.79085303
Abr 2011,77.0403184,70.36794499,69.87572787,76.7015547,70.53049768,76.1832721,65.94564406,58.60379457,58.00957828,71.59923192,32.96368207,65.42469394,68.44838253,70.6822089,75.02726777,63.0103451,99.66804124,69.82740358,39.91775792,79.38333089,56.87436272,66.74989154,50.43477028,133.9240778,68.77970237,54.31272001,52.25826008,101.1259521,56.97809399,71.46432329,67.82581905,71.50639863
May-11,76.92900058,70.0991828,69.55366667,71.64456921,75.89107557,74.63237519,76.73588233,50.30752658,58.82125581,61.16031786,36.05134541,61.22235931,66.24241353,62.19296407,71.40974368,61.83210929,104.6206186,75.25951773,43.05873784,86.02460817,59.59342648,65.9141013,62.83794797,99.85954782,61.89371693,52.39109904,57.39746508,49.207786,49.83935593,63.90429334,68.8274316,69.66061622
Jun-11,77.08301565,69.73969631,69.19083824,67.48623041,87.35612083,65.31575535,72.78061208,47.04461742,59.58522312,65.82951949,43.26806615,59.11170162,65.93600849,73.29783219,69.94572415,62.56416331,90.67628866,72.12411988,46.57223495,117.5743372,54.57693756,73.12190674,67.33588928,65.26637146,56.49515541,54.78414936,57.45963081,48.49762667,52.64706984,61.3438368,67.43382671,67.86549744
Jul-11,77.33767422,70.37544851,69.9164951,71.1929573,115.4580144,57.35552194,68.14448063,49.61776357,62.66162589,65.55780718,47.19961777,61.02970485,65.47345472,88.58484632,67.13454697,66.00173735,81.67216495,80.24300579,56.88284297,109.0977003,57.72590735,89.00015051,82.20949762,70.65134698,56.41358471,58.15674245,54.29020607,51.5730213,70.70286463,66.00688223,67.81139793,67.03111122
Ago 2011,77.5984324,70.57258626,70.0938326,71.8970752,110.7238462,65.5802896,64.56321341,49.76197095,66.23445644,84.11924983,48.54989988,63.54749929,65.94558364,103.3326345,70.37811307,69.14791124,82.45670103,81.44681912,59.87739557,102.76549,59.89197233,81.44085279,73.39503504,67.9437411,58.31666454,66.78140196,56.36068454,58.88140707,70.68713724,66.51214819,68.02574826,70.46435407
Sep-11,77.63350514,70.44639081,69.99870904,70.5956395,73.3105548,69.0797493,56.1751288,61.66689833,66.11971036,92.63568539,46.01336588,64.94448135,67.34650286,110.9757223,69.74640974,78.93074311,71.90206186,98.09084678,65.02738874,74.45730189,69.69805532,75.64432876,63.69473244,71.59159628,62.67112114,61.29830395,51.67924538,67.91625271,63.20089871,71.36004702,69.39378843,70.78147087
Oct-11,78.16645826,71.09783217,70.62992179,68.72511176,56.83602595,74.04192781,59.65975765,68.21009104,65.26817367,103.4882397,37.93541044,63.8037392,68.92345766,114.1926286,59.82938167,73.47469004,71.98453608,87.45716244,71.01497656,58.56305844,66.34974876,72.03909798,61.22784514,65.90230771,59.07278943,62.55258701,51.63403394,70.19906539,54.1486613,76.68572079,68.0893323,73.5185579
Nov-11,78.38985635,71.50370401,71.11233413,69.48034115,50.10649412,79.92738275,61.91632624,68.8338314,66.43496011,89.05333303,35.10185698,72.79491316,65.28931707,131.6113883,65.58158257,75.30206112,85.43917526,83.50676055,86.97555498,60.82613154,61.7392822,79.56829309,61.04784245,60.99038293,56.29512987,64.20258974,50.19908447,74.52257424,60.18273732,71.99992416,69.54979876,76.04048087
Dic 2011,79.09893562,73.11900572,72.96112844,73.78209725,48.68193905,89.85779123,74.30988284,79.68413371,67.56369917,77.84709731,35.47647886,73.71358072,59.55600731,136.3470166,71.80967097,97.66169154,108.6680412,115.1909776,86.50744276,64.26248718,64.60624099,84.88494604,60.84728827,74.36064998,59.39552567,72.62119403,50.19189174,70.33005851,66.76202958,70.04616595,70.70611062,76.73913859
Ene 2012,79.79429077,74.57673365,74.60948382,76.35750576,50.11770403,80.92241193,79.85278337,82.14608381,68.54628796,83.02481083,36.17794387,64.76985859,63.29694773,126.9168519,74.39751214,95.19939983,101.5072165,128.7270235,80.33094093,62.89438992,68.46896501,98.57101118,60.84374491,78.31379357,58.85503114,77.845162,47.73351966,73.58354491,103.8359858,68.00614282,69.79495785,80.00975744
Feb-12,79.92009515,74.33184627,74.20045252,71.91538379,49.47604891,68.8774584,77.23225211,67.337897,63.5789906,91.02818067,39.35020907,65.0877859,60.12757056,103.7603254,78.14488275,77.89939193,99.37938144,105.2065549,68.10691471,70.64742932,65.75908728,101.4148229,62.01021905,53.55324503,59.12598771,69.39923978,44.45158009,69.02233506,107.3312114,65.04280067,67.40498446,83.21532669
Mar-12,79.89035957,73.80114326,73.63854407,69.36591245,53.33180879,79.44499676,77.39227019,59.51594968,59.00062204,84.10407037,40.50724594,56.30445098,58.37605327,76.57260262,77.99426078,83.03324647,98.46907216,89.46601034,68.82767097,66.89614765,58.44701041,80.3775222,64.13623511,60.23155102,55.19073357,63.79204034,40.36199978,51.88210619,66.37109156,63.50330366,68.2060123,84.18231401
Abr 2012,79.60596542,73.71860462,73.3205596,67.57624765,56.96561249,89.53014912,71.60526365,60.10841615,56.89352168,75.5937066,41.51668604,58.14178609,57.64907784,67.6288314,74.17417612,78.73805575,100.3092784,79.67599227,70.39740224,68.26278014,58.63807975,79.51162935,65.65562792,55.6912393,54.22819934,59.98938503,38.17181375,59.02343894,56.7227111,61.61969494,68.60062666,85.25000313
May-12,79.95821769,74.14494059,73.64194134,70.10054468,61.10341364,72.33369354,70.80329072,52.28473139,59.35391918,78.95443885,41.95095527,65.66954541,58.58523363,67.08205795,75.36486873,78.97022822,99.76907216,94.68751947,69.72216743,78.84429471,66.2918768,104.3852426,72.44966657,57.18354369,55.35387496,59.58117717,40.44779877,58.84976267,61.85658116,65.29306373,69.26793136,86.5710104
Jun-12,79.97117936,74.48464508,74.07203571,75.83265948,60.72362197,73.74713637,72.65950037,51.98936688,66.43979152,77.71655396,48.08550265,68.31451077,68.24583112,75.68283785,71.97068066,72.23722657,82.5443299,94.48688392,68.07884315,97.95810751,68.44324414,89.18961991,66.59461834,90.11567797,55.54893533,59.59132383,42.96525398,72.98598079,73.84085377,69.76272408,69.89262818,89.24680069
Jul-12,80.48507121,75.5985757,75.43909714,78.49198236,62.42304398,66.41798141,72.58545279,58.09820001,72.52193764,77.51770304,60.63153154,73.00275221,80.47478051,80.37401988,69.16145116,77.12627339,74.5814433,93.70552682,70.31470495,95.40354475,69.12301008,92.37784093,65.65633659,90.38487798,62.08168419,62.48468245,50.38763673,58.46119881,70.03931848,74.18403815,69.89262818,94.65592514
Ago 2012,81.06377139,76.20977094,76.00915904,77.72988725,64.50046409,69.85952021,69.69508713,56.57272917,75.1598896,79.623853,67.02353636,79.91363766,84.05662601,71.02687744,64.02602124,71.26905157,64.38453608,84.52240015,72.98909003,71.53215175,66.28912099,99.94776311,68.56047453,83.63927199,58.91674114,65.36243083,53.69166825,58.13886742,63.58659427,73.47021964,70.01914076,94.415742
Sep-12,81.75836409,78.07609926,78.09236498,79.76442946,57.09609581,70.95223687,72.86030736,55.53721593,79.03649529,98.93516094,49.16463277,87.57426212,89.5674975,87.41247012,63.48715818,73.65790097,75.05876289,89.97196087,88.74633932,70.88032811,69.47299768,114.2172878,73.35038871,92.51019254,61.22838377,64.75285082,49.3873336,70.14239982,59.50795731,74.35467205,71.03451892,92.38732033
Oct-12,82.06791912,78.36941841,78.39268364,80.43116733,49.22629217,75.72422736,69.9812371,55.45208145,78.2121353,96.96866201,39.24886944,82.31849673,85.65641388,87.60702755,66.07499935,79.586196,87.90618557,94.52676179,95.74374459,71.94228797,72.19941026,113.2504626,84.5580367,96.49064628,63.65422536,69.477291,45.09019169,81.01924421,56.0351994,80.65390704,72.07939484,92.60123344
Nov-12,81.99472384,78.27596557,78.26562574,79.90555818,44.51409534,70.15690512,65.20579579,57.02967545,77.58888292,91.28926736,37.5166617,78.0905381,78.82417064,79.34840035,63.99680578,75.63136697,101.556701,93.62327871,98.89231143,73.48176359,84.17155823,142.6235314,75.98027057,81.47396758,61.60999277,68.00446453,39.8179212,76.12907974,55.89290395,78.30769085,71.61595238,93.96164575
Dic 2012,82.1426393,78.59247739,78.59787874,79.22127458,42.56446818,75.02226064,63.86603663,57.6395163,75.02279823,74.00441722,33.05710929,69.1240391,80.49245772,69.01421443,67.61822526,71.05346284,114.0484536,93.36407253,98.32101725,74.22586788,88.84448976,104.2400418,64.09513213,89.43487506,58.457108,65.87912989,37.94472901,74.55201089,62.99719154,78.31527458,70.01979627,95.26451419
Ene 2013,82.14187685,78.08633133,78.04752101,76.03023969,39.3772672,78.07477847,70.5930709,77.02237821,73.07090704,79.3908483,34.57172594,64.91031603,79.99233987,60.05031658,70.91957306,75.31548606,109.1061856,94.5566702,101.3315024,70.39109418,79.57946372,74.17638361,60.8338235,79.3232936,58.91035735,69.63261292,36.68959777,87.28998786,60.46957499,75.70931566,70.58484209,96.89388158
Feb-13,82.52920187,78.23162663,78.04072647,75.87080237,41.08162158,68.24897342,69.40642708,80.08026965,73.03406751,82.81988813,31.55344829,67.90262883,76.08272936,65.06436329,74.22806243,92.43781095,114.4360825,106.917565,119.04845,92.26600264,83.7076639,72.32595819,65.12695859,69.97834696,61.47735172,70.12199405,43.19850391,98.27059646,71.28927167,73.21806065,67.6435885,92.05081375
Mar-13,83.00802098,79.29371478,79.28344782,79.81020094,41.60759045,73.8508753,67.77047761,104.6806588,66.91930935,80.64694855,31.58175035,65.19407801,73.57845737,66.64514235,71.83174488,85.10463555,110.642268,151.0623715,124.2394125,103.5066647,92.74946951,80.88483979,92.23578935,78.56738778,60.9106127,68.12154136,46.23178056,110.2491077,116.0037446,69.4205083,68.40856353,92.82015036
Abr 2013,83.15059929,79.94583828,79.76993688,81.84855744,47.37217342,80.05964988,73.01405021,118.3681979,62.44481619,83.53104579,33.13623333,68.09338521,77.42030523,74.34106252,74.09626821,77.07731185,99.18556701,170.9900928,106.5702624,125.1135198,88.85000138,110.6758037,109.3232891,72.075376,61.67454001,69.70676158,52.65437395,87.7182912,144.9226737,69.39396525,68.40987454,91.97950938
May-13,83.14297478,80.00723066,79.82293429,80.23053568,49.14782281,79.0170737,80.94969157,92.42303148,64.31034587,79.34227403,34.1307616,70.31033501,76.35893583,93.13933498,69.94117953,76.16678512,106.9360825,109.7389245,75.18929336,104.527611,103.9196774,127.9263725,80.35702896,82.81509081,58.83587976,66.12108866,54.57945654,68.73311992,122.9477626,68.50761691,69.72809628,94.17868625
Jun-13,82.84561896,79.04541672,78.74464081,73.11612224,59.10222091,69.57856062,80.38931456,59.32483147,59.10872493,80.65074341,39.62440429,70.69089874,79.99013022,88.95467315,65.99124834,77.28816236,86.3371134,76.7175525,64.16475729,75.39329134,79.36818512,77.69661877,63.41693301,82.55076761,61.64687691,67.17243855,56.0236538,56.12834382,61.77494851,68.06302079,67.5852485,90.14248364
Jul-13,82.50556589,77.87759724,77.45503713,71.14260867,65.87121161,64.19537497,81.70648293,56.78990896,59.69755349,73.65301274,42.69563418,73.09955395,90.85498792,85.33020252,68.07333732,77.37423991,75.18350515,93.51236837,63.11548791,75.16039256,71.90545742,59.99539607,68.99985118,72.28605427,69.26345207,66.17962707,56.4896399,51.58847555,49.82138176,67.97770384,67.14016021,90.62973017
Ago 2013,82.73887584,78.29438328,77.85591499,73.35794822,71.19815978,67.27123406,77.28182634,63.13155883,62.30168556,78.95899269,45.35602773,80.25339281,93.14566024,94.5146547,69.43023346,70.3822159,61.95773196,107.2565269,73.25918395,69.57521605,67.95362894,66.68260334,73.46661092,80.83803133,60.93401995,66.81028091,54.64521863,74.53066932,49.38026587,73.64654135,66.82092898,90.47961571
Sep-13,83.31300131,79.59044462,79.20123389,77.07688083,62.97457145,62.67387076,69.00042044,67.59330044,62.48950677,91.1253292,49.03377379,81.25652463,89.21689942,107.958405,68.46417534,70.03237779,67.06907216,91.48482772,95.65952992,66.23846492,72.22788694,82.38554366,87.87745643,95.42457523,64.58909648,67.41205579,52.95595481,81.71689296,65.16532485,73.11852421,63.28185429,89.19363515
Oct-13,83.23065662,78.7834759,78.30979025,76.4383687,55.0195725,62.10676464,63.94384934,58.87136007,63.01129947,93.42349932,43.57117207,78.68558413,77.38863355,110.2016856,65.68805672,80.17768301,71.33917526,84.47255281,102.7525302,73.42903179,75.47882162,90.02718089,79.82198159,91.29781714,63.81027365,72.02098017,47.71964797,82.40203113,67.65399738,73.10714861,64.04879584,89.04664807
Nov-13,83.49675196,79.57680187,79.24607785,84.01431122,51.944919,73.56559326,60.08270738,61.78504413,65.17033753,92.33892696,36.9399692,85.52434279,70.27650109,112.0063734,66.60412393,86.38632236,91.44123711,92.62633186,138.8639364,63.74102827,103.9536657,144.7147777,83.59991212,106.4890857,63.79395951,89.28200685,47.22232212,57.26533466,74.48567684,77.63368692,65.60168858,88.0752824
Dic 2013,84.06554027,80.8182922,80.55810351,88.32674733,50.21097046,74.34882213,67.93802594,73.09403016,65.16429827,104.6137966,36.40223008,84.17955775,65.81668729,104.6199002,69.73602202,87.16181,92.1371134,96.84092467,124.5739951,71.44719496,121.3464877,141.1874596,78.78802911,143.3704621,64.34154715,96.45725525,49.35136996,59.5783199,68.4508519,84.89510755,65.09629377,86.71049175
Ene 2014,84.84857727,82.36674443,82.03251867,83.21788749,48.94111211,86.04192781,68.23923643,104.9899229,60.3461708,94.76536351,34.52029532,75.86219987,61.39443757,97.11182859,71.21951853,89.76150991,87.66185567,99.94267556,151.6069071,66.62223524,110.8927899,128.3256749,80.61852894,94.24828824,60.23747712,89.38269292,58.24826219,77.69510984,59.3222243,83.09207595,66.38239574,86.5084627
Feb-14,84.94464607,81.60547893,81.11185851,77.25004959,48.87116229,90.89431597,67.4083975,181.0271735,59.37143306,92.2706194,33.11249612,89.28727342,63.24686229,95.10671307,83.06541668,107.3616047,111.085567,79.59249797,160.6171191,70.15966017,82.98564224,99.23238333,77.11272846,59.37128143,64.46922302,83.82856831,57.81001947,74.65651102,48.05991387,69.42714406,66.33651035,82.9601321
Mar-14,85.27859953,81.30602055,80.68108468,76.16221412,52.87354776,97.89409985,71.40257409,252.3924526,59.67218857,97.12501044,33.65388712,78.86495207,68.58832715,80.700239,84.27298933,102.3912185,116.057732,74.53174653,151.1387949,67.44104292,83.04627001,94.82323568,72.85857033,50.03023623,65.52042105,75.54265109,60.07110527,69.97755455,50.46096237,72.92419115,66.92712089,77.79181626
Abr 2014,85.20235445,81.20438205,80.65458597,73.90262881,62.01276136,98.2934947,78.4722353,186.5418028,60.06957236,91.80309206,37.21659901,79.07563823,68.02191975,89.3261772,73.15293323,77.73434415,103.6402062,70.81936569,95.20886758,62.56188663,101.3310552,86.02973076,56.45777378,70.97321655,61.62134173,69.47494946,57.70777996,70.0783751,48.92192473,68.1549735,67.24831863,80.02601984
May-14,85.46539998,82.05773612,81.48759657,72.35860428,68.3764018,84.75297169,96.70425523,91.57168671,58.73912177,89.24763011,41.156976,83.00180317,72.12818926,89.57859868,80.50354481,74.47840164,98.30309278,78.80366378,75.46393943,61.66837557,114.6664095,94.64616147,64.15820394,55.04262333,65.05865997,72.23718204,65.90903253,68.16204879,46.15914623,69.86700035,69.91229335,79.26794181
Jun-14,85.81384001,82.82445872,82.20102326,71.56980913,72.99622899,84.18586557,86.22526779,62.82750712,60.02065429,89.17932254,47.56267537,72.76549302,80.23687467,87.60451172,76.50362272,70.81892127,81.96494845,75.1174528,68.99913509,76.69400908,69.40042807,84.82297007,65.60531221,62.74505979,63.65848122,67.28561282,70.24419316,68.09434448,43.03164201,68.18530842,72.4976074,79.27857491
Jul-14,86.08298515,83.23374125,82.56860787,73.46322262,72.62764722,72.72444348,77.80141443,63.30009035,60.61008678,86.02123606,54.73192168,69.78456866,82.6601261,89.94171663,73.85215675,70.88288715,66.94639175,92.25123061,82.64267181,79.78174894,69.95985707,89.23388846,68.04172661,71.92614556,64.51674682,68.53131025,68.4943049,77.84744453,47.2870249,69.28210524,72.22491708,77.97195361
Ago 2014,86.24767452,83.92406445,83.26912493,74.71659826,73.52354305,74.33499027,71.39755392,67.55507679,64.47280216,84.47217226,61.49580947,72.82053715,84.56116316,111.7422114,75.54795232,74.72952697,66.6257732,85.30375724,86.14478855,70.03076022,71.89167838,92.60980814,66.88163051,73.30725865,68.0455661,72.24264562,65.79908652,74.32166906,56.43063097,69.84140527,72.3330755,77.37962697
Sep-14,86.35136784,84.42543554,83.82899502,77.7253101,64.39733294,76.07434623,66.47715507,64.75258878,67.35534445,105.4775078,62.22253331,77.66347158,91.05238348,132.5430836,73.74113797,93.78109453,61.49484536,85.72496729,104.2835683,65.26439139,82.41886442,104.5534631,80.7056956,87.13984745,67.71077159,71.4652555,58.54830175,75.92007948,66.75004681,72.07386552,73.06789727,75.28990856
Oct-14,86.88660831,84.95204573,84.45137488,79.5767664,54.70793706,75.68100281,68.2298236,68.58190284,70.37437418,105.6080512,44.80094218,77.52870836,81.95892994,128.2385006,73.19253642,100.8923636,80.40618557,85.89444825,139.2106581,71.07221327,77.03309725,104.228532,77.09217697,88.16007647,71.20270673,73.52424661,58.80056103,81.81771351,52.26511889,77.01940487,72.73031189,75.28990856
Nov-14,87.12296807,85.44113835,85.06288347,81.28556825,50.71855509,87.54095526,68.71238791,76.87990826,65.13953727,95.66322852,37.8903706,76.63851191,73.65874138,110.7451046,72.4076142,116.4352839,90.04948454,87.29391239,128.9319151,71.59074264,76.95960904,107.8806874,74.81733979,105.8765581,69.45922174,80.7244714,54.14994785,74.93100784,54.48417899,78.80347714,72.66345032,76.94054216
Dic 2014,87.80764891,86.30199593,85.97539018,84.36446302,48.48823184,90.41452345,76.81495008,85.86593926,62.48346751,101.8215351,34.22692774,76.01689285,72.83085852,110.1413057,73.82294128,125.7292901,94.98659794,109.3750389,101.8216166,69.99560568,104.5140133,90.48137622,79.48111035,146.6389014,67.98243747,85.40676392,52.73503527,78.14107517,63.04587156,78.5247751,70.37770232,76.17933674
Ene 2015,87.658971,86.08644047,85.67643042,78.0647819,49.58545761,87.38534688,83.37255345,84.53158663,61.84028554,114.4159324,34.40191358,92.43997343,73.18734901,105.0308189,77.64562287,139.3800837,82.52989691,102.4499969,96.26724125,81.93496411,82.29301586,74.49600255,82.30233366,91.99715194,70.10114766,96.54857518,65.04641879,81.29153328,83.21812395,81.18666401,74.44642553,75.25738376
Feb-15,87.70471805,85.53595547,85.03706422,74.59530385,51.43957636,86.40242057,81.44794392,81.75516019,58.6292071,110.5155703,33.38303946,101.7604631,75.53105297,94.71759822,78.7214013,117.4871673,107.5597938,86.13620786,85.80186031,93.71759191,69.79450859,68.70479074,80.03741788,66.506057,66.11340455,92.19721982,71.13249521,73.20749163,88.85227485,73.94609865,76.7760924,79.48873516
Mar-15,88.16142609,86.31632082,85.69613459,77.61698427,55.57244515,91.77350335,82.25242694,96.78747654,54.59739224,93.29978673,34.5988107,78.58973142,72.4213364,94.95744056,76.50037655,86.20784964,106.4896907,95.50750826,85.42934313,79.42434451,70.79119244,77.69219191,81.81547598,95.42359987,58.36560696,82.77253534,63.27238352,73.40398131,80.65455907,75.45810464,79.70816891,79.91155756
Abr 2015,88.09890512,86.61782562,85.92986676,77.73141297,58.40630983,90.69202507,81.65941879,91.71936896,53.50005737,88.82336422,34.73849506,79.90414729,74.41002298,97.6904692,71.94536058,89.10684672,99.98659794,86.66209733,84.95819614,88.3492017,84.59411543,97.57408342,81.57098413,93.52944619,62.65977217,80.18201544,63.88736186,74.55716231,75.22336641,75.80316431,86.10524798,79.68075658
May-15,87.77638842,85.61985839,84.99222025,76.67180324,59.95058673,91.18824292,81.65063348,76.00423935,54.64570638,90.1234849,38.38063531,83.15744519,70.31480172,91.71873035,71.71293531,93.77951512,100.4896907,78.18431055,76.55266073,83.70587374,101.8436355,121.1488574,84.29937141,80.92386322,63.35631499,77.85530865,67.49913944,62.39761563,74.10222805,73.35646371,90.1988804,79.78208384
Jun-15,87.83890939,85.76788224,85.1022918,77.70089865,65.1672294,84.76075211,83.74969408,68.10758218,55.71405277,84.08737297,46.98415693,76.38986429,73.08202227,88.69302696,73.07307762,79.85232567,87.44123711,78.29272852,77.40846395,86.02900249,111.0902895,126.495613,82.6913946,85.96551119,62.49734009,77.0630888,67.28387133,59.20815395,72.22767272,73.99065305,91.26473249,80.44508938
Jul-15,87.93192839,85.761743,85.04249985,79.51192347,64.46190201,70.072185,84.85789768,70.5747446,55.6470169,78.93015172,57.91453387,78.29742811,74.20820812,93.74145666,74.49294933,86.60585959,73.29381443,78.32637548,87.53091665,75.79170939,99.89252349,123.9368908,82.88486206,96.54721729,66.3212325,79.22354649,64.46380773,72.72325864,68.42389066,76.55584943,90.91928104,79.58630956
Ago 2015,88.12101619,86.09803681,85.46444078,80.19544421,64.57131071,75.02226064,86.59487817,81.71172423,60.0750077,87.77218668,65.90940907,85.31080953,79.21159625,103.0483458,73.6859532,85.44262813,78.53608247,74.03825784,87.07418479,70.39988282,99.1245717,122.0979752,83.31006527,98.14291009,67.82922643,78.82704631,62.09996866,74.59101446,62.74705111,75.56522481,90.91928104,79.48185491
Sep-15,88.36805026,86.61918989,85.92443113,81.79897167,58.47491447,80.17116922,85.52244332,81.36423657,66.06777266,100.9206342,61.47359387,84.93214387,80.55064522,126.9042727,70.23787883,90.45881703,76.09278351,71.89731447,114.1586878,69.93994434,105.80465,118.7034627,88.5393561,101.4181769,65.51545587,77.20904458,53.50517106,88.75666924,60.07863696,85.54256842,90.94746778,80.36002452
Oct-15,88.6806551,86.67512517,85.90132969,82.60378683,55.67243753,85.4653123,83.89025898,79.96559872,64.18352126,117.23324,49.60377117,85.56040619,76.21899122,137.2652941,69.57566157,101.8960752,80.20618557,77.82291732,130.3021107,74.86597334,98.03970201,121.6570604,85.73726694,95.55137233,68.30588302,79.79097884,50.1358912,95.50870221,58.52536978,83.25512613,94.10438271,81.41145123
Nov-15,88.80950929,87.01755822,86.27434993,86.11598493,54.1564096,89.97968446,76.04247068,77.94669539,70.33693072,100.1381331,42.0732932,83.1213818,79.28083201,131.8445218,70.40667931,102.3619995,92.75670103,81.12031902,139.0247788,74.96411308,110.6787555,127.5075921,92.47886386,102.1623783,69.13861344,91.5611024,52.1601307,89.6029731,80.63508706,83.76987174,96.96697563,81.41207671
Dic 2015,89.35008692,88.23653802,87.65160317,89.28489694,50.84051888,90.87961962,78.80984205,71.95948294,71.55263523,118.5940785,36.78506869,76.17348391,78.39991751,131.8378129,71.13511829,110.103451,111.0092784,88.28712069,120.0575088,80.6225282,115.6217562,117.379833,92.09972433,132.6629343,70.5331177,84.46000265,51.91146778,100.2303418,85.35779817,86.03645878,98.67587871,81.21380052
Ene 2016,90.05077922,89.68266961,89.23405152,96.4115161,51.55436581,102.116274,82.7883306,75.37702412,75.46789224,116.1828214,36.30880285,81.51181551,84.4219551,124.4823682,77.54823798,125.5184395,123.2659794,129.0610007,163.4371728,79.25736048,115.1064201,116.9185547,92.28610507,152.3467218,72.36952235,87.46809656,53.87456908,130.5729109,87.58809212,88.73152651,100.7505539,82.3177673
Feb-16,90.29552594,89.87707881,89.47118096,98.60549563,51.36783295,91.90836395,83.75847939,74.22683995,78.71279056,108.0109596,34.98043202,91.40931954,84.45657298,124.7045998,86.3868907,131.3266998,135.0556701,152.6225933,188.7539262,107.9537132,116.0507436,159.1888231,106.3943476,123.9110079,68.55981615,111.6108991,56.31033544,131.390514,74.669912,86.80431135,102.1906997,86.79805852
Mar-16,90.38778249,89.63833067,89.18241301,95.32825778,53.19190914,81.7730711,81.62678765,108.9495448,78.22179813,116.3649749,38.02305553,91.78134194,87.27019622,128.7156694,94.10561716,113.7755666,132.456701,121.8368746,153.2957528,109.2339241,112.836553,159.9953961,103.569581,109.7536235,72.87171412,94.33894522,53.96653326,116.2961328,72.93016289,88.83864668,100.2032067,89.2355421
Abr 2016,90.08585196,89.14992019,88.64156764,88.6540134,53.50533816,94.62805273,81.40401739,153.0822156,81.37912708,103.8054904,45.82803304,84.92834773,88.70057746,129.305212,87.99958449,117.3007976,128.0690722,105.2389557,114.7489492,111.0766076,104.7951057,124.6566974,98.2573755,87.48122427,79.65910542,87.68507895,55.4554282,102.086323,80.77513574,82.28346083,102.1841446,89.47509976
May-16,90.08356461,89.14446309,88.63884982,84.72453199,63.806795,93.83444997,83.88398376,163.6580026,78.48873375,97.50222,56.99395614,79.14017272,89.80393023,133.5787664,86.90497832,100.7470584,129.1618557,93.71300393,98.15562266,107.6314633,102.0889024,102.8491239,92.52705355,73.06341806,78.47668497,81.1092639,53.23338865,77.27858115,90.83767085,81.97726777,102.8363727,90.70353645
Jun-16,90.170484,88.88866151,88.27466248,85.6010558,97.64591937,87.96628485,92.10954021,97.10195288,84.33293273,94.24470806,76.45086093,83.31973047,102.8371929,141.5170447,84.30934635,96.3681592,112.7237113,86.57860303,91.94118629,102.141497,98.66527039,98.66131903,92.32720804,79.4891052,78.81218879,80.67607964,56.17778371,73.15303382,82.15465269,82.09291964,103.7658796,91.57795319
Jul-16,90.28561408,88.74336621,88.20467872,85.50951284,105.0673267,88.81348606,105.6426765,73.10792967,85.21043827,83.68132243,78.66663826,79.94115972,112.1523481,149.4377123,82.9225855,97.58272131,85.7556701,89.48345691,90.70907242,100.295884,96.87123947,96.95963594,88.76187911,81.84460527,77.55741868,80.5067085,54.2989401,79.61437981,64.04268864,81.27198096,101.3477195,92.40733559
Ago 2016,90.50215011,88.72904132,88.05927557,86.1709107,96.87961007,95.72249838,102.6506523,79.19417611,86.11753622,93.57149905,79.80419844,82.13628167,108.961611,148.7584385,82.81156673,91.95056464,74.34226804,86.98112032,90.56719724,86.21795811,95.36748698,99.68392255,87.05114486,86.4600199,75.78981714,78.5382568,51.20041512,81.51451595,67.73338326,85.04962603,98.32780524,93.43749609
Sep-16,91.24553966,90.69564387,90.20567072,91.20882474,87.43414179,99.33261292,85.63727982,86.18736535,90.08171129,102.750518,73.93684685,86.80174623,101.470155,164.7867835,79.11743319,95.67874911,66.63092784,87.46090099,104.7607848,89.14457302,94.55452366,109.2645223,85.86270188,110.6236467,73.41008072,82.88414858,49.0559543,106.5253707,86.41527804,87.27450255,99.0619715,94.85857967
Oct-16,91.67708683,91.08173372,90.80766696,93.4111957,88.67575118,98.97212016,86.24346593,74.70811036,89.90717646,120.3791829,60.11539936,92.11255576,96.4778151,171.1426056,82.14675254,103.4928532,82.77525773,87.61293539,114.4773379,80.18309653,94.26057082,106.1010917,94.86212786,124.3196848,73.70231661,89.27029917,49.79115397,111.5104684,81.2244898,87.73711003,95.84540556,94.10112711
Nov-16,92.0666992,91.60084039,91.26969567,94.06191355,82.6085007,102.116274,80.15022873,70.56258253,85.3354511,114.2261891,49.82866603,96.68311664,96.27452713,159.7534488,79.08951619,100.140567,91.06494845,83.23135398,106.4291459,87.17445437,105.7853593,119.5029527,100.002126,131.2613386,71.13532224,89.89861147,50.2520024,85.70703168,81.82213069,82.48063779,95.24823997,94.11676403
Dic 2016,92.75595474,92.01080506,91.7507491,92.64223487,81.07588211,104.9042576,82.0760933,82.93140594,85.0214092,114.7422907,45.9455018,90.00759229,91.52524895,156.9860372,80.55937881,97.8551686,104.3381443,87.22786466,120.420163,83.79668961,106.861043,106.1621823,97.30066828,123.800792,72.96959896,91.36831589,48.57506897,80.86396585,74.67215877,80.07090787,89.36114425,93.46188969
Ene 2017,93.54356644,92.04559407,91.77113272,87.80647819,77.13492693,120.1020099,79.56726093,134.0190423,78.87101937,121.1404328,45.61378949,81.35237734,96.32019327,141.0742589,79.69460098,97.07889126,104.9907216,90.66483893,133.5546182,79.27054343,94.68312803,84.15717106,94.49149239,86.24739091,71.90208679,90.06329954,48.86740204,77.17187328,59.74611496,86.71141067,91.52234619,97.75641427
Feb-17,93.875995,92.05991896,91.67532971,84.26986864,77.74922988,113.4592609,81.46174941,137.9491278,80.10906917,124.1421708,43.0681258,84.30767771,94.9126451,145.0442367,86.90238139,96.75669273,115.0010309,89.79624899,108.2006889,74.93188809,86.10154233,88.18295307,80.26348426,61.88283947,68.73005064,85.86882712,49.53118819,91.17709828,66.50814454,83.48642986,85.63721699,100.0656751
Mar-17,94.5766873,93.19158515,92.89698798,87.25416902,87.76191949,108.2290901,85.82679142,185.4524289,74.17850866,114.5639321,43.42692287,79.89940211,94.219551,126.3876892,89.72524476,99.07288952,112.1113402,111.4561655,94.47066143,84.74000293,92.77610898,108.4367004,98.57982127,63.61020619,69.61030486,86.06395517,50.46624298,99.51576701,99.52443363,86.10471234,83.27805236,101.9302218
Abr 2017,94.83058343,93.89827965,93.7177684,91.11499321,107.5442679,112.5247461,83.34557001,184.0989645,72.76411226,125.8984342,47.78665725,79.75230141,93.79529786,120.5006499,86.75695328,104.9719656,117.4525773,114.569132,84.65471982,104.2156145,104.2274093,125.9723587,110.7902402,78.9321733,70.9487736,82.6484339,51.30573723,110.8209147,107.9752855,81.8616159,83.79721279,106.018339
May-17,95.27661716,95.01903164,94.85449493,95.04828891,118.03719,89.55435487,93.84965831,133.9078463,71.71207189,104.6525042,47.69901217,82.57473664,88.01411231,113.8580234,88.81502065,101.7657743,121.8402062,99.04043866,83.01518899,89.78028417,110.7118252,141.3592216,100.9822194,105.5146987,70.51680356,83.51011934,53.91310156,106.690216,89.56899457,82.90437866,87.0105012,109.1838777
Jun-17,95.29491598,95.03949576,94.89933889,95.95685275,127.0365039,92.85411714,94.7852934,89.47633609,74.85128304,94.30314898,57.98787576,82.21410269,87.2480997,128.9538345,94.02770925,97.25104636,103.6814433,87.7026606,83.13430345,106.3585762,97.69798183,136.4914517,93.24352097,119.9851745,69.57342072,84.07130759,57.1863071,110.9872319,76.08687512,78.38732,89.39129751,108.5859218
Jul-17,95.59303425,95.72777255,95.56656271,100.5019605,124.5411785,89.3589799,87.01971046,89.00027799,78.25259839,102.7915025,61.93160031,90.41567809,90.91464852,149.7236781,98.55805438,98.0612809,81,91.31036202,87.64927242,110.1625897,102.3424367,147.0574694,95.19874707,143.9634824,71.41833709,82.99498131,68.53797504,102.7398168,87.15521438,77.58628862,90.18839231,108.5859218
Ago 2017,95.91021379,96.42900995,96.45460908,104.9562882,122.8713506,89.14285714,85.88013078,89.32170408,79.34812149,105.4630874,64.1428128,101.2337477,98.43556655,175.7113506,95.54496585,103.3720287,73.32886598,97.36432176,133.4256407,89.67628534,107.5426461,134.265629,94.73031486,155.636619,75.89763232,86.04522288,71.23987238,93.14567465,96.32727954,84.10734769,90.12153074,110.165251
Sep-17,96.09167709,96.55520539,96.46548034,105.0592741,117.78833,96.55846121,82.39550192,98.44673014,78.62582511,105.4623284,63.06916049,104.2554807,98.19987037,157.8581911,92.49032643,102.6597173,72.53505155,106.2059941,185.9938091,88.81646404,114.5442353,130.576288,97.90729153,127.1043443,75.07483225,85.37086036,82.91983703,91.56051073,85.68732447,83.26839765,89.92422355,108.7491712
Oct-17,96.77407057,96.46243469,96.2548496,101.0039211,104.7731787,96.4140912,82.06228782,99.29633748,82.75487218,99.58711871,47.49724587,99.35180791,91.18569913,142.8990733,88.09177552,111.2690516,84.97010309,109.0846782,186.1675493,91.87930277,109.1584681,134.0248081,101.9368006,92.91301719,79.50376644,94.23825915,86.13241814,95.7684807,82.04081633,104.0762544,91.0667698,109.325861
Nov-17,97.66766294,97.71279281,97.6253083,105.6565919,93.52650246,111.8184569,82.96717433,122.3608312,91.57461817,108.2485181,46.99267798,98.03929012,92.45182959,135.989769,87.79897162,106.9872858,101.6948454,106.7443454,191.6847488,91.90566867,120.6446753,150.2235562,102.1820011,107.6624466,87.06643401,114.847683,80.15782903,92.42300475,89.98464707,123.0147219,91.06414778,109.163237
Dic 2017,98.2372137,98.74691333,98.80416098,109.6265047,88.7093809,115.8469851,92.74208224,122.4737647,91.76666687,110.8419287,46.009714,98.16456297,94.04277886,122.4302906,93.94590594,119.978678,106.356701,141.1913515,155.3684961,109.0815878,128.85882,126.7842439,105.8245753,143.6591694,89.37453008,121.1487578,78.58416264,92.25080031,86.86013855,130.5121861,85.46023048,111.7883636
Ene 2018,98.52846991,98.90244069,98.88637491,106.0044551,86.54138474,115.5331748,107.6030548,133.8296615,94.08393374,110.8320621,43.64573126,94.90651988,97.16354369,119.1119124,105.5548342,122.0137408,119.5412371,161.2910462,131.0061757,104.1921781,122.9522051,99.19165626,113.6284716,120.2446209,91.9925948,146.2172478,86.97961889,105.9498841,77.74199588,135.0093375,94.53111685,113.5077997
Feb-18,98.66723596,98.75646325,98.68729489,96.89364234,79.7522162,110.0609466,108.887592,142.2527625,86.48170404,105.0221241,46.25743309,101.7927304,92.85030346,112.6562959,113.1839666,119.9826265,134.6309278,116.069537,105.0475699,127.6929837,107.5977623,83.85437418,111.6321425,77.89828921,104.9552425,151.0431545,88.32363171,107.6859109,74.52087624,129.4447762,92.39285761,108.2168904
Mar-18,99.20857605,99.33900872,99.24920334,98.24466381,82.62957532,108.478928,108.2035932,208.9825561,80.26971368,103.6354805,45.74403983,100.4299136,91.23946733,101.4063483,108.6782923,109.8823344,124.0298969,96.64402767,98.39005812,97.81309506,106.8886011,82.66709164,103.1358737,94.73499405,104.476458,119.8921332,81.69090788,119.5047283,77.75772327,131.1710226,93.62061958,107.8128323
Abr 2018,98.83040044,99.26943069,99.24648552,96.27267595,87.44400651,113.9814134,112.4676042,209.4064911,77.7851591,110.9717131,48.01003049,100.8683686,86.32814802,109.1282653,107.1668787,110.0221117,120.4721649,84.08000498,91.72495941,87.36633953,101.955705,99.41919661,100.6930812,89.77722724,98.44306365,99.69794179,84.53614603,105.4406299,71.30574799,119.0190446,95.99748286,104.5834949
May-18,99.06371039,98.90244069,98.87890092,95.53651801,98.10552559,112.3933434,124.9967055,134.7209674,76.08812499,96.19526856,64.97696273,112.9230331,87.42929114,118.8318168,105.3185135,97.42714996,124.971134,90.60876067,89.9685902,94.98608466,103.0341445,102.2098861,95.27315763,82.06698789,94.63193883,104.6456084,90.73627858,91.46704934,72.57592211,105.5683531,100.3270973,106.2103604
Jun-18,99.35115435,99.03272896,98.96519157,95.15051188,97.17151607,102.9634753,117.4821313,103.8310515,85.53595478,95.86815122,86.62347306,102.9135428,90.85130517,119.9010441,103.6110318,100.0884467,106.0319588,92.42320394,93.98661669,95.91475026,102.2882391,91.95020673,94.67574712,87.73286776,94.98872196,99.8204822,92.97938256,83.2262575,71.46152406,98.90130725,100.6600941,101.5493063
Jul-18,99.92909207,99.98976794,100.0006795,98.94496743,99.90000762,96.67170953,104.9812685,99.56390298,95.88061576,96.72730861,99.99726109,100.6130777,96.88144482,103.6118915,98.3055029,98.27450051,101.6886598,95.02149667,99.11991867,96.95766808,99.94396524,98.97828185,104.6382584,97.18998108,98.72253195,99.65657464,97.45993907,101.1811458,93.03426325,98.50316147,100.0124546,100.2232953
Ago 2018,100.694,101.102,101.174,105.122,105.316,103.55,93.587,111.973,96.54,114.441,95.711,103.108,106.44,105.667,97.79,97.293,75.753,97.982,138.83,101.582,100.929,98.729,108.157,123.105,95.279,100.595,99.286,108.865,90.66,101.795,105.365,100
Sep-18,100.921,101.269,101.396,102.865,105.621,103.225,90.568,116.133,91.252,102.735,86.078,100.085,115.7,118.619,96.855,90.851,72.873,93.855,143.788,100.012,101.344,102.892,112.769,112.728,99.088,97.867,86.678,129.258,86.701,94.705,106.042,100
Oct-18,101.488,101.467,101.521,103.881,94.271,103.143,92.798,115.659,97.314,115.882,66.066,100.908,97.985,118.537,94.271,94.277,64.928,104.299,135.633,101.543,100.497,123.347,108.614,124.945,92.467,101.785,73.43,113.619,93.281,95.114,103.789,98.375
Nov-18,102.145,103.05,103.179,110.618,87.913,109.856,96.155,109.454,105.027,119.73,65.496,101.214,88.586,116.173,95.147,97.315,70.758,128.646,133.92,104.987,116.622,140.694,108.736,157.533,87.226,113.398,68.496,102.386,123.004,90.091,101.031,102.326
Dic 2018,103.068,105.059,105.312,118.283,86.183,121.347,109.363,116.931,105.525,121.003,64.086,100.733,89.661,115.496,94.709,97.748,82.697,131.709,144.832,101.147,122.278,223.877,107.83,161.86,87.976,133.263,73.088,105.604,165.533,95.01,100.664,104.432
Ene 2019,104.669,106.705,106.964,125.912,81.744,128.525,111.593,116.924,108.539,116.156,63.038,103.998,88.638,117.645,98.011,99.256,98.933,132.688,174.201,104.252,116.109,349.593,112.125,153.772,99.787,147.224,74.986,112.156,121.191,93.769,98.614,105.694
Feb-19,104.136,104.862,104.854,112.946,79.415,123.84,102.907,121.633,106.144,113.475,61.176,106.834,90.7,112.886,109.45,99.299,125.792,117.16,196.591,115.352,105.377,228.15,104.484,113.922,95.128,110.559,71.01,118.282,90.52,90.886,98.973,104.469
Mar-19,103.991,103.984,103.928,106.305,78.771,101.049,105.313,199.8,109.13,111.312,60.819,103.033,86.055,110.227,110.068,106.713,126.382,121.263,188.832,108.882,110.759,139.734,114.914,104.054,91.575,103.541,66.862,118.471,85.482,88.665,100.664,105.15
Abr 2019,104.21,104.919,104.874,104.653,92.131,102.654,109.253,191.67,110.21,114.637,58.335,95.511,88.493,111.575,107.448,105.181,122.428,114.818,199.758,109.78,120.556,113.215,121.393,95.621,89.758,103.843,72.233,105.318,83.817,88.494,100.003,106.026
May-19,104.575,105.675,105.688,105.292,115.489,101.61,109.883,134.3,113.195,111.829,61.035,94.46,87.745,106.73,102.612,103.162,130.114,99.07,170.804,114.803,115.957,132.694,105.787,101.572,90.338,113.441,73.257,95.511,75.963,87.19,101.584,105.588
Jun-19,104.452,105.437,105.44,103.28,129.618,109.031,109.484,106.895,104.66,115,68.356,94.934,91.302,109.107,103.047,96.601,107.008,106.112,151.896,180.739,107.549,113.434,100.451,98.764,90.033,114.475,69.982,96.258,79.681,92.868,101.989,105.15
Jul-19,105.02,106.683,106.707,104.952,142.889,107.728,108.01,113.249,104.041,122.269,80.594,98,94.107,115.681,106.691,102.156,83.11,103.303,163.872,139.114,108.577,117.152,98.175,93.566,92.593,114.205,72.112,101.121,81.867,105.641,101.989,105.15
Ago 2019,104.465,105.258,105.148,101.796,125.701,105.464,104.49,159.411,101.415,119.685,84.718,109.626,92.839,148.444,106.343,97.939,83.882,98.174,145.311,107.586,104.844,105.309,101.017,87.063,94.986,110.557,72.923,109.814,77.329,101.286,101.989,105.15
Sep-19,104.682,105.493,105.362,102.605,111.959,106.333,103.402,156.2,97.171,130.157,90.871,122.25,91.859,161.154,109.557,96.665,93.216,105.834,132.005,103.1,119.096,120.201,103.08,93.55,92.433,114.861,67.024,110.102,76.05,112.202,101.989,105.15
Oct-19,105.188,105.788,105.632,104.104,100.98,108.032,101.003,141.237,103.449,125.888,77.918,119.481,92.035,156.924,115.026,96.954,93.397,101.111,124.892,107.946,133.672,127.344,105.311,105.503,91.323,110.8,64.021,101.997,79.353,116.482,101.648,106.613
Nov-19,105.69,106.651,106.565,106.135,96.087,116.15,106.838,127.005,99.325,139.127,75.756,125.497,87.949,158.503,119.612,94.955,101.155,103.74,123.123,108.435,152.582,129.245,116.505,114.041,90.321,134.01,65.692,106.804,87.703,118.726,101.989,106.803
Dic 2019,106.096,107.034,106.982,108.652,93.592,124.771,111.616,123.693,105.365,130.723,75.062,124.653,82.99,173.566,115.005,111.746,120.06,109.399,143.693,102.356,150.564,119.636,117.031,123.884,91.144,140.325,63.225,117.533,100.697,115.515,100.845,107.207
Ene 2020,107.123,108.946,108.733,116.751,90.87,125.588,111.678,108.758,100.333,149.556,72.891,119.305,84.541,171.395,121.291,108.655,144.134,138.176,143.722,103.445,141.815,139.332,120.219,169.825,89.75,135.642,63.473,142.482,110.768,111.683,102.339,108.488
Feb-20,107.528,109.66,109.447,118.776,89.554,137.236,114.314,123.637,96.403,139.17,69.875,119.632,81.98,170.166,128.653,108.338,145.791,133.203,135.193,114.951,127.814,133.308,108.465,184.968,88.708,130.79,64.664,150.691,153.649,105.437,102.431,108.908
Mar-20,107.509,110.423,110.215,117.747,95.207,140.483,117.988,164.328,97.042,140.446,67.599,118.989,82.452,152.866,129.278,108.295,148.312,144.208,131.821,108.495,130.979,155.232,110.188,160.639,89.159,125.156,72.066,156.985,150.906,109.908,103.138,111.959
Abr 2020,107.965,112.9,112.696,121.422,105.944,155.102,124.352,189.941,98.281,140.126,69.914,118.722,90.263,137.77,123.718,111.851,165.91,136.042,133.362,117.417,132.089,248.996,134.132,131.203,98.192,131.561,74.405,139.55,108.001,113.613,103.425,125.073
May-20,108.764,114.141,113.999,132.241,121.904,145.985,123.029,164.181,101.724,138.121,75.962,109.605,99.134,137.142,121.501,113.828,167.28,137.154,136.233,209.805,131.973,299.956,126.858,170.786,102.071,131.911,76.848,126.533,102.722,109.898,103.844,134.86
Jun-20,108.896,113.255,112.971,121.472,122.749,119.713,121.377,143.199,101.204,147.718,100.452,119.915,97.654,148.002,109.618,115.299,149.367,127.25,119.835,194.053,125.667,233.184,116.411,122.466,100.028,131.41,78.45,127.579,95.198,118.757,103.844,136.802
Jul-20,109.214,112.859,112.565,116.842,112.417,106.916,121.957,130.021,101.554,146.923,105.797,114.238,96.392,150.789,123.842,110.55,88.781,117.078,111.621,130.352,117.196,124.328,117.149,132.051,103.749,126.576,86.37,126.849,81.376,124.986,103.844,137.736
Ago 2020,109.642,112.942,112.697,117.317,106.136,101.093,116.061,154.272,99.721,155.873,89.241,112.007,102.385,170.416,124.783,110.919,93.908,122.268,119.525,120.704,123.036,115.469,117.904,141.393,102.732,121.83,82.059,131.66,94.306,119.541,103.844,136.487
Sep-20,109.755,113.055,112.806,115.96,93.351,100.587,110.434,160.588,101.856,138.588,69.155,113.997,99.827,177.397,119.284,109.567,101.827,122.431,148.936,118.009,130.168,142.101,113.225,121.349,90.156,125.348,79.019,128.96,101.327,116.166,103.617,137.465
Oct-20,110.443,113.658,113.42,119.223,90.667,106.618,109.967,144.064,102.036,136.51,62.332,134.548,101.234,162.505,116.616,108.697,105.282,154.868,189.383,126.65,141.652,140.232,126.055,131.367,91.493,132.321,77.333,130.478,92.593,118.759,101.234,136.161
Nov-20,110.515,113.692,113.408,115.336,86.608,117.177,113.994,123.893,100.635,148.655,56.986,141.891,97.881,155.196,111.663,108.358,109.593,122.372,194.092,133.254,137.339,126.344,130.244,108.558,94.683,133.729,72.046,128.73,88.999,118.702,104.706,141.828
Dic 2020,110.618,113.247,112.991,108.243,81.566,136.592,115.255,118.999,102.213,140.729,57.157,113.708,95.821,160.754,114.037,110.478,126.737,112.829,155.389,145.407,130.22,99.184,121.649,84.929,95.037,122.515,73.902,132.987,86.157,119.643,105.17,141.828
Ene 2021,111.126,113.643,113.289,108.438,77.929,123.527,115.493,134.421,101.928,137.699,54.867,110.579,98.486,155.614,115.647,113.271,126.84,121.443,129.577,140.83,127.313,88.841,115.952,91.869,87.395,124.37,94.629,121.712,78.667,124.571,105.17,141.03
Feb-21,111.801,114.76,114.417,107.781,74.673,136.055,119.274,168.255,98.379,141.576,54.202,111.717,100.817,167.24,120.675,113.691,149.672,119.571,113.616,152.805,124.419,92.463,125.045,79.645,90.275,131.559,106.252,123.862,75.642,121.071,105.62,143.122
Mar-21,113.22,117.079,116.861,108.481,77.907,119.234,132.941,182.708,96.753,134.014,56.258,111.182,98.45,152.756,119.07,108.981,160.132,139.177,105.508,122.926,116.4,104.077,158.703,79.95,87.537,122.579,102.205,132.31,88.483,122.236,106.873,145.697
Abr 2021,114.304,119.76,119.649,117.435,94.002,126.547,137.288,180.518,100.605,150.266,59.709,112.855,99.06,146.274,120.227,106.349,151.548,131.653,112.02,109.846,113.498,169.719,149.177,116.152,92.589,123.106,80.276,163.601,98.843,119.87,106.95,143.767
May-21,114.9,120.646,120.58,121.358,96.095,136.026,157.575,162.785,104.668,119.476,66.715,115.768,102.332,152.847,122.448,105.649,169.825,125.412,108.423,133.001,116.959,196.153,137.874,134.246,96.138,123.685,76.3,142.357,105.921,120.165,105.847,140.118
Jun-21,115.3,120.796,120.684,120.913,100.253,135.866,144.352,148.152,106.063,118.22,78.468,111.598,105.396,149.295,121.736,112.838,165.762,119.741,111.757,143.714,117.62,131.601,124.08,157.377,101.19,121.938,74.196,114.682,98.61,115.183,106.95,136.587
Jul-21,116.217,121.924,121.962,122.168,106.004,125.692,138.509,134.496,114.016,122.745,82.965,114.598,103.922,159.219,124.134,108.597,138.515,141.853,138.262,146.887,118.844,129.191,122.609,148.725,102.185,125.843,78.396,125.27,94.566,115.489,108.642,136.818
Ago 2021,116.948,123.991,124.109,128.954,117.279,122.196,137.771,135.999,120.768,127.274,98.937,119.299,110.572,191.678,135.479,104.746,143.279,140.47,159.063,148.467,126.42,196.596,123.729,147.469,101.232,128.479,78.413,132.664,90.865,116.873,109.137,136.499
Sep-21,117.296,123.876,124.018,132.484,110.64,118.214,132.473,145.642,114.99,136.57,96.558,118.987,106.293,200.192,126.86,108.804,143.675,136.889,175.948,138.236,139.701,223.429,159.698,158.405,101.849,127.773,77.62,138.749,94.73,116.196,108.29,136.499
Oct-21,118.217,124.036,124.182,132.754,113.715,128.557,130.55,153.553,122.893,147.499,70.784,136.917,116.051,214.337,125.67,134.477,122.42,131.862,201.866,127.264,133.39,266.529,134.717,130.148,105.247,136.51,72.021,143.213,110.127,115.559,112.477,137.651
Nov-21,119.789,127.14,127.385,143.717,108.16,144.188,143.28,154.39,125.156,165.316,68.379,158.946,123.955,204.159,120.625,147.091,130.656,137.861,203.895,127.936,139.984,279.834,134.553,182.774,108.599,150.19,72.016,143.416,177.484,117.258,112.913,138.228
Dic 2021,119.76,126.654,126.872,130.73,106.707,143.125,139.29,243.847,125.341,142.705,67.654,138.558,124.001,199.508,123.679,146.774,140.142,151.072,192.78,127.021,208.265,163.304,129.108,136.209,110.13,143.308,76.987,143.046,146.697,115.201,117.055,141.815
Ene 2022,120.662,127.248,127.341,126.854,112.717,129.455,137.438,381.275,122.477,147.479,66.047,133.009,116.169,195.431,141.64,146.302,155.948,170.171,193.564,130.441,203.98,129.56,145.059,109.177,106.217,138.874,90.156,137.644,115.027,116.114,118.077,143.13
Feb-22,121.508,128.105,128.242,125.128,124.588,136.695,142.35,420.68,123.41,119.674,65.265,137.928,119.122,191.798,150.578,142.831,162.138,136.678,199.103,149.297,165.296,121.801,136.924,98.978,104.845,135.236,84.343,132.519,103.708,114.135,115.409,142.538
Mar-22,123.144,131.169,131.426,132.669,143.857,139.265,140.57,376.289,121.611,134.641,63.55,133.397,117.619,187.34,149.832,153.211,171.145,131.469,220.834,138.224,155.357,184.58,155.297,115.871,103.213,133.017,79.066,147.417,102.142,108.566,116.205,143.346
Abr 2022,124.017,133.166,133.525,134.842,160.007,134.886,149.627,298.465,120.588,127.788,65.987,138.828,115.122,184.105,143.34,163.846,143.182,136.583,182.511,129.289,168.243,237.853,160.8,114.382,105.618,131.96,79.086,158.636,101.659,112.151,125.469,143.639
May-22,124.822,134.472,134.894,135.248,193.724,130.773,157.195,222.645,120.941,111.954,80.132,138.511,112.444,187.741,136.598,142.626,130.552,149.438,167.801,174.377,184.635,172.22,153.926,133.723,103.237,131.216,91.28,151.926,102.539,107.22,129.631,146.858
